epi_year,epi_week,epi_week_label,Avg_Temp(C),AvgWindspeed(m/s),AvgPrecipitation(mm/day),AvgRelative_Humidity(%)
2020,1,2020-W1,23.17,2.08,2.52,72.38
2020,2,2020-W2,22.30,2.69,12.99,75.43
2020,3,2020-W3,22.47,2.18,14.48,73.46
2020,4,2020-W4,22.23,3.01,5.51,71.92
2020,5,2020-W5,21.24,1.91,66.83,85.09
2020,6,2020-W6,22.00,2.00,86.25,79.57
2020,7,2020-W7,23.53,2.42,1.91,70.52
2020,8,2020-W8,24.22,2.08,15.50,74.69
2020,9,2020-W9,23.23,1.91,24.74,77.88
2020,10,2020-W10,23.09,2.19,34.51,79.61
2020,11,2020-W11,22.31,2.09,44.99,85.83
2020,12,2020-W12,22.50,2.19,67.69,82.67
2020,13,2020-W13,21.72,2.16,124.45,85.30
2020,14,2020-W14,23.30,2.29,31.92,79.70
2020,15,2020-W15,22.54,2.39,31.17,83.93
2020,16,2020-W16,21.50,2.09,39.38,86.89
2020,17,2020-W17,21.60,1.86,21.43,84.62
2020,18,2020-W18,20.85,2.72,102.65,87.27
2020,19,2020-W19,21.52,2.87,43.53,87.18
2020,20,2020-W20,21.14,2.58,29.81,88.30
2020,21,2020-W21,20.72,3.37,21.73,86.00
2020,22,2020-W22,21.41,3.11,15.90,84.78
2020,23,2020-W23,20.92,3.80,9.61,82.66
2020,24,2020-W24,20.62,3.31,28.50,85.47
2020,25,2020-W25,20.06,4.01,7.91,82.16
2020,26,2020-W26,20.41,3.06,18.75,82.61
2020,27,2020-W27,20.57,4.01,3.85,79.73
2020,28,2020-W28,20.37,3.09,13.92,81.50
2020,29,2020-W29,19.45,4.27,12.86,79.54
2020,30,2020-W30,19.81,3.89,1.58,78.78
2020,31,2020-W31,20.62,3.50,8.79,77.59
2020,32,2020-W32,20.90,2.99,6.47,75.30
2020,33,2020-W33,21.50,1.85,16.58,80.18
2020,34,2020-W34,21.86,2.78,33.80,78.12
2020,35,2020-W35,21.82,2.29,13.95,74.88
2020,36,2020-W36,21.74,1.88,8.19,75.85
2020,37,2020-W37,21.68,2.51,36.68,76.29
2020,38,2020-W38,22.73,1.72,32.01,72.79
2020,39,2020-W39,21.59,2.11,29.07,80.15
2020,40,2020-W40,21.67,1.82,18.18,81.27
2020,41,2020-W41,21.88,1.86,26.75,78.31
2020,42,2020-W42,21.36,1.79,32.54,81.48
2020,43,2020-W43,21.16,1.86,35.51,84.59
2020,44,2020-W44,21.13,1.97,43.96,83.61
2020,45,2020-W45,21.82,1.80,63.89,81.13
2020,46,2020-W46,21.55,2.05,35.36,82.62
2020,47,2020-W47,22.39,2.10,16.94,77.38
2020,48,2020-W48,21.11,1.76,133.74,85.08
2020,49,2020-W49,21.71,2.17,8.34,77.60
2020,50,2020-W50,22.42,1.96,68.34,73.66
2020,51,2020-W51,21.80,2.47,3.52,70.72
2020,52,2020-W52,22.43,2.14,27.18,74.64
2020,53,2020-W53,21.75,2.12,64.84,75.80
2021,1,2021-W1,21.95,2.52,4.14,74.12
2021,2,2021-W2,22.09,2.19,50.73,76.02
2021,3,2021-W3,22.80,2.36,45.84,76.70
2021,4,2021-W4,22.59,2.17,8.60,70.99
2021,5,2021-W5,22.72,2.31,8.38,66.36
2021,6,2021-W6,22.92,2.33,10.40,75.30
2021,7,2021-W7,22.76,2.12,23.11,77.43
2021,8,2021-W8,22.55,2.49,4.34,73.74
2021,9,2021-W9,23.61,2.49,7.85,73.44
2021,10,2021-W10,24.12,2.86,2.49,67.99
2021,11,2021-W11,22.87,1.82,26.09,77.35
2021,12,2021-W12,22.45,2.53,14.42,77.12
2021,13,2021-W13,21.97,2.32,68.26,82.37
2021,14,2021-W14,21.71,2.47,36.05,83.65
2021,15,2021-W15,21.47,2.31,28.76,85.38
2021,16,2021-W16,21.29,2.30,60.33,86.06
2021,17,2021-W17,21.92,1.85,37.76,83.02
2021,18,2021-W18,20.75,1.97,49.09,87.11
2021,19,2021-W19,21.21,2.10,18.59,85.33
2021,20,2021-W20,21.58,2.78,10.70,84.60
2021,21,2021-W21,21.66,3.20,2.81,79.71
2021,22,2021-W22,21.62,2.69,5.95,80.86
2021,23,2021-W23,21.35,3.86,1.91,77.33
2021,24,2021-W24,21.00,2.93,5.39,80.39
2021,25,2021-W25,20.72,3.58,2.35,76.01
2021,26,2021-W26,21.16,3.70,4.67,74.20
2021,27,2021-W27,20.97,3.82,2.72,72.15
2021,28,2021-W28,21.31,4.13,4.10,71.98
2021,29,2021-W29,21.39,4.44,0.02,67.33
2021,30,2021-W30,21.49,4.68,0.54,66.72
2021,31,2021-W31,23.09,2.65,4.03,66.79
2021,32,2021-W32,21.55,2.69,13.90,77.50
2021,33,2021-W33,22.76,2.83,2.60,69.15
2021,34,2021-W34,23.84,2.89,0.71,60.09
2021,35,2021-W35,22.26,2.07,19.84,74.66
2021,36,2021-W36,21.97,2.57,17.46,75.76
2021,37,2021-W37,22.74,2.18,36.31,72.74
2021,38,2021-W38,21.87,2.40,13.17,75.80
2021,39,2021-W39,22.92,1.86,18.03,73.14
2021,40,2021-W40,23.09,1.81,8.00,72.06
2021,41,2021-W41,23.10,1.96,16.71,72.39
2021,42,2021-W42,22.71,2.17,39.38,77.06
2021,43,2021-W43,23.28,2.22,28.23,73.70
2021,44,2021-W44,22.17,1.87,77.13,78.86
2021,45,2021-W45,22.31,1.81,13.24,78.14
2021,46,2021-W46,22.64,2.08,27.09,76.20
2021,47,2021-W47,21.92,2.28,93.25,80.96
2021,48,2021-W48,21.91,2.05,15.68,80.05
2021,49,2021-W49,22.34,2.12,27.10,75.07
2021,50,2021-W50,22.80,2.12,21.26,75.02
2021,51,2021-W51,23.71,2.04,16.95,73.47
2021,52,2021-W52,22.64,1.88,20.50,75.17
2022,1,2022-W1,24.23,2.04,0.41,64.89
2022,2,2022-W2,23.81,2.32,12.47,63.00
2022,3,2022-W3,22.03,2.30,30.50,74.96
2022,4,2022-W4,23.94,2.62,3.13,61.28
2022,5,2022-W5,22.87,2.02,19.70,68.54
2022,6,2022-W6,23.71,2.16,7.79,67.95
2022,7,2022-W7,23.04,2.13,8.82,73.16
2022,8,2022-W8,23.42,2.12,8.62,69.72
2022,9,2022-W9,24.77,2.52,120.59,67.26
2022,10,2022-W10,25.14,2.62,22.70,66.36
2022,11,2022-W11,24.36,2.75,12.93,69.23
2022,12,2022-W12,22.98,2.42,43.70,78.23
2022,13,2022-W13,22.70,2.68,41.49,77.75
2022,14,2022-W14,23.50,2.74,7.96,74.08
2022,15,2022-W15,22.74,2.46,23.62,77.35
2022,16,2022-W16,22.27,2.19,64.45,82.13
2022,17,2022-W17,21.75,2.14,49.49,82.92
2022,18,2022-W18,21.52,3.08,49.68,84.89
2022,19,2022-W19,22.50,2.67,8.62,80.99
2022,20,2022-W20,22.22,3.12,11.78,79.56
2022,21,2022-W21,20.77,2.25,34.01,84.42
2022,22,2022-W22,20.94,3.43,8.02,79.50
2022,23,2022-W23,21.02,3.78,16.87,78.53
2022,24,2022-W24,22.11,3.22,36.85,75.33
2022,25,2022-W25,20.71,3.36,4.05,77.47
2022,26,2022-W26,21.23,3.99,0.87,70.66
2022,27,2022-W27,20.86,4.25,0.15,68.50
2022,28,2022-W28,21.77,3.69,4.57,69.73
2022,29,2022-W29,21.70,4.07,2.97,67.27
2022,30,2022-W30,21.93,2.94,32.03,73.17
2022,31,2022-W31,21.32,3.04,16.56,74.62
2022,32,2022-W32,22.37,2.58,17.74,68.90
2022,33,2022-W33,21.41,1.98,48.73,78.66
2022,34,2022-W34,22.00,2.36,14.13,71.65
2022,35,2022-W35,21.65,2.66,22.57,76.24
2022,36,2022-W36,22.18,2.38,21.43,75.55
2022,37,2022-W37,21.81,2.23,24.66,77.95
2022,38,2022-W38,22.77,1.93,39.43,75.05
2022,39,2022-W39,22.24,1.71,23.10,73.79
2022,40,2022-W40,21.13,1.73,72.53,79.93
2022,41,2022-W41,21.83,1.91,39.30,79.62
2022,42,2022-W42,21.64,1.86,43.33,81.31
2022,43,2022-W43,23.22,1.80,12.90,73.94
2022,44,2022-W44,22.18,1.85,54.56,79.42
2022,45,2022-W45,21.47,1.81,42.77,81.90
2022,46,2022-W46,21.83,1.88,23.65,80.84
2022,47,2022-W47,21.79,1.71,75.40,80.07
2022,48,2022-W48,22.00,2.22,18.78,78.02
2022,49,2022-W49,21.56,2.02,61.19,81.60
2022,50,2022-W50,21.85,1.93,46.42,78.34
2022,51,2022-W51,21.84,2.15,23.87,77.61
2022,52,2022-W52,21.65,2.47,9.18,75.86
2023,1,2023-W1,22.84,2.64,1.32,65.70
2023,2,2023-W2,22.55,2.09,16.04,70.59
2023,3,2023-W3,24.14,2.29,0.59,61.77
2023,4,2023-W4,23.46,2.59,8.67,67.65
2023,5,2023-W5,24.57,2.07,4.02,60.58
2023,6,2023-W6,25.25,2.52,6.70,60.10
2023,7,2023-W7,25.82,2.62,0.68,55.04
2023,8,2023-W8,24.88,2.76,23.43,65.89
2023,9,2023-W9,23.18,2.44,10.19,75.30
2023,10,2023-W10,24.34,2.74,13.04,67.57
2023,11,2023-W11,22.11,1.73,56.16,79.13
2023,12,2023-W12,21.23,2.20,133.19,82.89
2023,13,2023-W13,21.63,2.53,72.96,83.13
2023,14,2023-W14,22.17,2.16,25.28,82.04
2023,15,2023-W15,22.33,2.17,30.71,82.70
2023,16,2023-W16,21.71,2.15,122.11,87.09
2023,17,2023-W17,20.84,2.13,29.40,87.10
2023,18,2023-W18,21.26,1.85,26.80,84.74
2023,19,2023-W19,22.01,2.85,22.42,84.64
2023,20,2023-W20,22.86,2.64,16.10,81.05
2023,21,2023-W21,22.62,3.02,12.87,79.09
2023,22,2023-W22,21.99,3.23,17.40,79.59
2023,23,2023-W23,21.73,2.65,92.22,80.12
2023,24,2023-W24,21.98,2.26,19.96,79.13
2023,25,2023-W25,21.42,2.59,24.98,81.66
2023,26,2023-W26,21.57,2.63,21.44,79.18
2023,27,2023-W27,20.92,3.54,7.61,76.84
2023,28,2023-W28,21.78,3.02,7.74,73.97
2023,29,2023-W29,21.79,3.64,0.36,70.15
2023,30,2023-W30,22.27,3.19,3.26,71.70
2023,31,2023-W31,21.99,3.02,10.18,73.37
2023,32,2023-W32,22.86,2.84,5.50,70.27
2023,33,2023-W33,23.82,2.67,6.81,67.88
2023,34,2023-W34,24.38,2.58,14.24,65.33
2023,35,2023-W35,23.16,3.25,16.99,69.50
2023,36,2023-W36,23.37,2.22,17.46,72.59
2023,37,2023-W37,22.32,1.86,72.32,79.32
2023,38,2023-W38,22.24,1.61,130.45,79.92
2023,39,2023-W39,22.19,1.56,41.27,77.79
2023,40,2023-W40,23.30,2.04,40.23,76.33
2023,41,2023-W41,23.15,1.65,92.97,79.43
2023,42,2023-W42,20.90,2.28,76.16,88.42
2023,43,2023-W43,22.12,2.00,17.97,82.61
2023,44,2023-W44,21.53,1.68,48.03,84.52
2023,45,2023-W45,21.59,1.71,44.70,82.38
2023,46,2023-W46,22.35,1.87,74.41,84.00
2023,47,2023-W47,22.03,1.69,126.35,83.78
2023,48,2023-W48,22.35,1.95,25.78,76.20
2023,49,2023-W49,21.90,1.68,64.57,82.14
2023,50,2023-W50,21.85,1.77,17.59,82.00
2023,51,2023-W51,23.55,1.92,4.00,73.13
2023,52,2023-W52,22.46,2.02,16.60,80.90
2024,1,2024-W1,21.97,1.73,30.50,78.08
2024,2,2024-W2,22.49,1.96,18.40,76.34
2024,3,2024-W3,22.56,2.06,4.95,73.70
2024,4,2024-W4,23.44,1.95,20.31,75.51
2024,5,2024-W5,23.58,2.16,12.15,74.75
2024,6,2024-W6,23.87,1.99,17.84,74.24
2024,7,2024-W7,23.82,1.66,33.55,75.91
2024,8,2024-W8,24.57,2.48,6.03,71.88
2024,9,2024-W9,22.41,2.02,93.12,81.17
2024,10,2024-W10,23.53,2.25,23.06,79.97
2024,11,2024-W11,24.59,2.99,1.09,70.16
2024,12,2024-W12,24.84,2.62,3.84,74.36
2024,13,2024-W13,23.19,2.24,48.86,80.94
2024,14,2024-W14,21.95,1.99,42.79,85.61
2024,15,2024-W15,22.67,2.04,75.68,83.77
2024,16,2024-W16,22.60,2.99,45.59,85.16
2024,17,2024-W17,22.52,2.79,11.20,84.62
2024,18,2024-W18,22.49,2.80,22.48,84.10
2024,19,2024-W19,23.01,2.59,23.08,82.05
2024,20,2024-W20,22.88,3.11,6.86,81.49
2024,21,2024-W21,22.32,2.89,15.58,81.70
2024,22,2024-W22,23.26,2.63,8.26,78.95
2024,23,2024-W23,22.07,2.67,25.17,80.36
2024,24,2024-W24,21.46,3.01,18.26,78.00
2024,25,2024-W25,21.84,2.93,19.37,76.99
2024,26,2024-W26,21.16,3.92,1.61,73.49
2024,27,2024-W27,22.12,2.89,22.31,74.43
2024,28,2024-W28,22.01,2.65,11.35,76.66
2024,29,2024-W29,22.45,1.97,3.80,74.29
2024,30,2024-W30,22.21,1.81,22.52,73.22
2024,31,2024-W31,22.22,1.86,23.21,76.18
2024,32,2024-W32,23.20,2.14,5.42,67.88
2024,33,2024-W33,22.79,1.95,35.79,73.42
2024,34,2024-W34,22.23,2.15,4.74,72.12
2024,35,2024-W35,23.40,2.09,15.47,70.35
2024,36,2024-W36,22.91,2.41,19.83,71.64
2024,37,2024-W37,24.26,1.82,16.86,66.33
2024,38,2024-W38,23.09,1.94,88.60,76.89
2024,39,2024-W39,22.69,2.22,18.96,76.36
2024,40,2024-W40,22.53,2.30,38.80,77.72
2024,41,2024-W41,21.82,1.82,37.20,80.43
2024,42,2024-W42,22.05,2.08,62.34,82.33
2024,43,2024-W43,22.75,1.84,32.90,80.31
2024,44,2024-W44,22.46,2.05,11.93,81.11
2024,45,2024-W45,22.14,2.08,29.15,81.48
2024,46,2024-W46,21.93,1.84,33.23,83.40
2024,47,2024-W47,21.94,1.70,96.55,83.69
2024,48,2024-W48,20.88,2.56,14.25,84.65
2024,49,2024-W49,22.10,2.50,17.55,70.70
2024,50,2024-W50,23.45,2.31,7.42,71.08
2024,51,2024-W51,22.94,2.12,45.54,75.80
2024,52,2024-W52,22.37,2.19,24.06,77.80
2025,1,2025-W1,22.94,3,0.89,65.73
