,,Sex,,,Key age groups,,,,,,,,
Location,Parishes,Male,Female,Total,Age 0-4,Age 6-12,Age 13-18,Age 6-18,Age 14-64,Age 18-30,Age 18+,Age 65+,Age 80+
RUBAGA DIVISION,BUSEGA,"19,178","16,740","35,918","4,690","5,355","4,720","10,075","23,541","10,860","21,124",724,157
RUBAGA DIVISION,KABOWA,"19,280","15,459","34,739","4,406","5,041","4,400","9,441","23,139","10,763","20,896",701,172
RUBAGA DIVISION,KASUBI,"30,888","23,476","54,364","6,913","7,472","6,591","14,063","36,769","18,090","33,317",974,218
RUBAGA DIVISION,LUBYA,"37,967","33,020","70,987","9,748","10,950","9,378","20,328","45,873","21,255","40,796","1,154",257
RUBAGA DIVISION,LUNGUJJA,"29,047","12,713","41,760","5,000","6,677","5,526","12,203","26,855","11,746","24,442","1,219",293
RUBAGA DIVISION,MUTUNDWE,"18,576","19,106","37,682","4,759","5,020","4,721","9,741","25,730","12,338","23,232",662,171
RUBAGA DIVISION,NAJJANANKUMBI I,"8,130","5,979","14,109","1,531","1,976","1,697","3,673","9,653","4,294","8,921",390,94
RUBAGA DIVISION,NAJJANANKUMBI II,"7,349","5,211","12,560","1,355","1,820","1,564","3,384","8,603","3,813","7,876",291,67
RUBAGA DIVISION,NAKULABYE,"12,221","9,245","21,466","2,294","2,533","2,526","5,059","15,539","7,820","14,231",359,77
RUBAGA DIVISION,NAMIREMBE,"10,949","5,606","16,555","1,552","2,317","2,010","4,327","11,582","5,487","10,735",464,103
RUBAGA DIVISION,NATEETE,"11,563","10,900","22,463","2,597","3,054","2,989","6,043","15,408","7,425","13,876",433,109
RUBAGA DIVISION,NDEEBA,"11,785","6,619","18,404","1,739","2,070","2,010","4,080","13,567","6,773","12,677",397,156
RUBAGA DIVISION,RUBAGA,"17,001","12,392","29,393","3,134","3,919","3,619","7,538","20,295","9,640","18,714",812,224
KAMPALA CENTRAL DIVISION,BUKESA,"5,355","4,083","9,438",768,983,"1,057","2,040","7,175","3,677","6,701",219,45
KAMPALA CENTRAL DIVISION,CIVIC CENTRE,"1,289",558,"1,847",133,166,169,335,"1,435",597,"1,382",52,11
KAMPALA CENTRAL DIVISION,INDUSTRIAL AREA,"2,077","1,492","3,569",380,343,273,616,"2,698","1,378","2,578",57,16
KAMPALA CENTRAL DIVISION,KAGUGUBE,"4,128","2,771","6,899",518,687,764,"1,451","5,353","2,804","4,982",122,22
KAMPALA CENTRAL DIVISION,KAMWOKYA I,"1,091",727,"1,818",143,173,146,319,"1,389",606,"1,357",59,11
KAMPALA CENTRAL DIVISION,KAMWOKYA II,"8,126","7,894","16,020","1,722","1,978","1,987","3,965","11,516","5,217","10,389",191,34
KAMPALA CENTRAL DIVISION,KISENYI I,"1,150",444,"1,594",101,127,144,271,"1,298",660,"1,229",28,3
KAMPALA CENTRAL DIVISION,KISENYI II,"2,812","1,707","4,519",397,675,657,"1,332","3,164","1,447","2,822",90,17
KAMPALA CENTRAL DIVISION,KISENYI III,"4,793","1,974","6,767",674,980,981,"1,961","4,588","2,038","4,174",197,39
KAMPALA CENTRAL DIVISION,KOLOLO I,"1,382",885,"2,267",142,213,219,432,"1,738",637,"1,707",100,21
KAMPALA CENTRAL DIVISION,KOLOLO II,725,404,"1,129",92,130,83,213,816,296,821,63,11
KAMPALA CENTRAL DIVISION,KOLOLO III,899,508,"1,407",115,176,142,318,"1,031",411,971,38,9
KAMPALA CENTRAL DIVISION,KOLOLO IV,940,569,"1,509",126,178,157,335,"1,098",442,"1,055",64,16
KAMPALA CENTRAL DIVISION,MENGO,"5,803","5,222","11,025",882,"1,118","1,368","2,486","8,502","4,545","7,753",157,45
KAMPALA CENTRAL DIVISION,NAKASERO I,"1,000",376,"1,376",114,139,130,269,"1,054",469,998,30,9
KAMPALA CENTRAL DIVISION,NAKASERO II,"1,379",797,"2,176",144,218,183,401,"1,670",770,"1,635",83,12
KAMPALA CENTRAL DIVISION,NAKASERO III,"1,225",708,"1,933",120,197,215,412,"1,520",708,"1,417",40,10
KAMPALA CENTRAL DIVISION,NAKASERO IV,"1,188",641,"1,829",140,192,139,331,"1,404",535,"1,356",37,3
KAMPALA CENTRAL DIVISION,NAKIVUBO,821,241,"1,062",100,104,76,180,812,340,781,24,5
KAMPALA CENTRAL DIVISION,OLD KAMPALA,"2,021","1,453","3,474",247,377,358,735,"2,629","1,090","2,484",85,12
KAWEMPE DIVISION,BWAISE I,"13,118","8,524","21,642","2,572","3,165","2,611","5,776","14,584","6,982","13,320",428,105
KAWEMPE DIVISION,BWAISE II,"11,854","8,121","19,975","2,452","3,060","2,581","5,641","13,223","5,913","11,896",385,101
KAWEMPE DIVISION,BWAISE III,"6,949","3,642","10,591","1,229","1,399","1,312","2,711","7,234","3,468","6,619",242,87
KAWEMPE DIVISION,KANYANYA,"13,598","12,775","26,373","3,461","3,930","3,444","7,374","17,286","7,915","15,477",488,113
KAWEMPE DIVISION,KAWEMPE I,"20,617","18,058","38,675","4,791","5,843","5,068","10,911","25,443","11,837","22,909",802,191
KAWEMPE DIVISION,KAWEMPE II,"14,560","12,542","27,102","3,481","4,056","3,559","7,615","17,813","8,119","15,952",490,145
KAWEMPE DIVISION,KAZO-ANGOLA,"13,348","10,336","23,684","2,933","3,345","2,952","6,297","15,910","7,668","14,414",481,139
KAWEMPE DIVISION,KIKAYA,"17,873","15,878","33,751","4,077","4,728","4,130","8,858","22,966","10,606","20,830",632,139
KAWEMPE DIVISION,KOMAMBOGA,"9,867","8,652","18,519","2,414","2,776","2,342","5,118","11,993","5,483","10,960",534,239
KAWEMPE DIVISION,KYEBANDO,"22,614","19,743","42,357","5,315","5,880","5,546","11,426","28,330","12,980","25,637",954,331
KAWEMPE DIVISION,MAKERERE I,"8,532","3,493","12,025","1,129","1,445","1,270","2,715","8,768","4,898","8,217",267,72
KAWEMPE DIVISION,MAKERERE II,"13,258","6,009","19,267","1,630","2,182","1,998","4,180","14,413","8,869","13,512",363,84
KAWEMPE DIVISION,MAKERERE III,"10,453","5,596","16,049","1,866","2,426","2,079","4,505","10,743","4,938","9,707",327,73
KAWEMPE DIVISION,MPERERWE,"4,964","4,128","9,092","1,113","1,218","1,106","2,324","6,205","2,921","5,659",184,46
KAWEMPE DIVISION,MUK - MULUKA I,"3,058",506,"3,564",331,489,406,895,"2,508","1,373","2,341",104,32
KAWEMPE DIVISION,MUK - MULUKA II,"3,710",578,"4,288",324,522,389,911,"3,197","2,078","3,057",105,23
KAWEMPE DIVISION,MUK - MULUKA III,"2,186",101,"2,287",112,183,130,313,"1,922","1,560","1,863",24,4
KAWEMPE DIVISION,MUK - MULUKA IV,"3,470",387,"3,857",418,584,434,"1,018","2,586","1,373","2,426",113,31
KAWEMPE DIVISION,MULAGO I,"8,509","2,773","11,282","1,193","1,534","1,336","2,870","7,760","3,330","7,215",353,95
KAWEMPE DIVISION,MULAGO II,"8,585","5,399","13,984","1,570","1,852","1,614","3,466","9,603","4,476","8,918",395,160
KAWEMPE DIVISION,MULAGO III,"11,884","8,873","20,757","2,407","2,594","2,376","4,970","14,529","6,924","13,381",403,92
KAWEMPE DIVISION,WANDEGEYA,"7,642","3,407","11,049","1,117","1,447","1,380","2,827","7,847","3,927","7,151",195,37
MAKINDYE DIVISION,BUKASA,"5,422","4,236","9,658","1,118","1,394","1,315","2,709","6,568","2,900","5,884",192,35
MAKINDYE DIVISION,BUZIGA,"9,866","9,583","19,449","2,011","2,678","2,735","5,413","13,511","6,276","12,156",466,78
MAKINDYE DIVISION,GGABA,"15,163","13,338","28,501","3,000","3,660","3,481","7,141","19,808","9,466","18,404",895,309
MAKINDYE DIVISION,KABALAGALA,"9,191","6,387","15,578","1,698","1,960","1,770","3,730","11,103","5,440","10,151",243,43
MAKINDYE DIVISION,KANSANGA,"15,149","12,527","27,676","2,445","3,105","3,066","6,171","20,664","11,375","19,165",558,125
MAKINDYE DIVISION,KATWE I,"5,654","2,929","8,583",878,"1,226","1,170","2,396","5,893","2,827","5,325",208,50
MAKINDYE DIVISION,KATWE II,"9,348","7,066","16,414","1,696","2,202","2,240","4,442","11,598","5,470","10,352",246,52
MAKINDYE DIVISION,KIBULI,"13,775","10,284","24,059","2,791","3,212","3,012","6,224","16,535","8,186","15,098",522,210
MAKINDYE DIVISION,KIBUYE I,"14,248","11,595","25,843","3,125","3,425","3,303","6,728","17,820","8,807","16,087",410,92
MAKINDYE DIVISION,KIBUYE II,"5,699","3,235","8,934",901,"1,238","1,027","2,265","6,264","2,746","5,751",186,36
MAKINDYE DIVISION,KISUGU,"12,815","8,984","21,799","2,397","2,988","2,698","5,686","15,037","6,900","13,756",487,103
MAKINDYE DIVISION,LUKULI,"19,931","17,406","37,337","3,963","5,094","4,792","9,886","25,902","12,376","23,490",802,177
MAKINDYE DIVISION,LUWAFU,"11,806","10,956","22,762","2,668","3,080","2,844","5,924","15,604","7,492","14,171",476,125
MAKINDYE DIVISION,MAKINDYE I,"11,696","10,047","21,743","2,461","2,792","2,569","5,361","15,251","7,365","13,964",374,93
MAKINDYE DIVISION,MAKINDYE II,"9,061","8,037","17,098","1,782","2,148","2,078","4,226","12,117","5,777","11,157",401,95
MAKINDYE DIVISION,MUYENGA,"5,656","4,347","10,003",957,"1,389","1,191","2,580","6,894","2,957","6,506",380,97
MAKINDYE DIVISION,NAMUWONGO,"10,184","9,212","19,396","2,433","2,602","2,251","4,853","12,840","6,374","12,116",739,507
MAKINDYE DIVISION,NSAMBYA CENTRAL,"21,014","18,004","39,018","4,487","5,349","5,108","10,457","26,880","12,751","24,140",613,115
MAKINDYE DIVISION,NSAMBYA ESTATE,884,334,"1,218",126,184,160,344,814,309,749,47,15
MAKINDYE DIVISION,NSAMBYA POLICE BARRACKS,"27,364","27,588","54,952","7,338","8,430","7,173","15,603","36,405","15,507","31,635",112,30
MAKINDYE DIVISION,NSAMBYA RAILWAYS,"1,305",225,"1,530",165,245,208,453,995,435,922,48,9
MAKINDYE DIVISION,SALAAMA,"19,346","18,483","37,829","4,321","5,241","4,961","10,202","26,055","12,219","23,417",610,180
MAKINDYE DIVISION,WABIGALO,"10,391","6,991","17,382","1,994","2,347","2,168","4,515","11,964","5,474","10,868",334,56
NAKAWA DIVISION,BANDA,"15,182","13,503","28,685","2,749","2,996","2,803","5,799","21,670","13,865","20,160",308,56
NAKAWA DIVISION,BUGOLOOBI,"6,168","3,343","9,511",802,"1,173",944,"2,117","6,781","2,577","6,579",414,87
NAKAWA DIVISION,BUKOTO I,"14,223","11,682","25,905","2,824","3,403","3,193","6,596","18,112","8,366","16,520",546,101
NAKAWA DIVISION,BUKOTO II,"12,286","12,029","24,315","2,494","3,074","2,905","5,979","17,245","7,950","15,917",613,135
NAKAWA DIVISION,BUTABIKA,"15,817","14,732","30,549","3,928","4,606","3,881","8,487","20,258","8,956","18,086",416,81
NAKAWA DIVISION,ITEK,"2,125",510,"2,635",261,422,272,694,"1,779","1,036","1,673",66,15
NAKAWA DIVISION,KISWA,"3,141","1,572","4,713",452,581,482,"1,063","3,427","1,643","3,217",86,4
NAKAWA DIVISION,KIWATULE,"10,148","10,640","20,788","2,287","2,582","2,507","5,089","14,742","6,820","13,475",388,86
NAKAWA DIVISION,KYAMBOGO,"2,337",885,"3,222",330,430,352,782,"2,207","1,157","2,122",117,25
NAKAWA DIVISION,KYANJA,"18,297","18,128","36,425","4,061","4,545","4,427","8,972","25,739","12,325","23,482",659,176
NAKAWA DIVISION,LUZIRA,"10,235","8,904","19,139","2,235","2,652","2,278","4,930","12,967","5,769","11,954",461,81
NAKAWA DIVISION,LUZIRA PRISONS,"17,416","17,627","35,043","5,092","5,464","4,427","9,891","22,632","9,904","19,692",66,15
NAKAWA DIVISION,MBUYA I,"12,759","11,114","23,873","2,806","3,104","2,686","5,790","16,706","8,449","15,229",300,59
NAKAWA DIVISION,MBUYA II,"26,401","24,793","51,194","7,324","7,838","6,664","14,502","33,142","15,326","29,157",448,117
NAKAWA DIVISION,MUTUNGO,"31,106","32,085","63,191","7,608","8,212","7,984","16,196","43,829","20,446","39,460",979,199
NAKAWA DIVISION,NABISUNSA,"2,065",429,"2,494",231,382,299,681,"1,697",682,"1,565",61,16
NAKAWA DIVISION,NAGURU I,473,255,728,63,73,79,152,557,252,527,17,4
NAKAWA DIVISION,NAGURU II,"13,798","11,475","25,273","2,478","3,156","3,081","6,237","17,871","8,289","16,541",747,263
NAKAWA DIVISION,NAKAWA,"1,397",921,"2,318",213,209,254,463,"1,775","1,009","1,653",36,8
NAKAWA DIVISION,NAKAWA INSTITUTIONS,338,112,450,53,63,43,106,307,175,288,10,1
NAKAWA DIVISION,NTINDA,"6,458","3,886","10,344",849,"1,233","1,122","2,355","7,440","3,225","7,177",468,86
NAKAWA DIVISION,UPK,"2,118",922,"3,040",289,328,269,597,"2,276","1,389","2,149",43,11
NAKAWA DIVISION,UPPER ESTATE,"2,841","2,056","4,897",570,721,604,"1,325","3,274","1,488","2,988",109,34
