year,week,epi_week_label,weekly_pm25_avg,weekly_temp_avg,weekly_humidity_avg,readings_per_week
2020,1,2020-W1,43.77,24.45,72.79,98.29
2020,2,2020-W2,68.62,23.01,75.92,129.25
2020,3,2020-W3,72.99,24.49,70.07,114.00
2020,4,2020-W4,90.92,24.11,54.71,144.14
2020,5,2020-W5,35.29,21.79,83.86,115.40
2020,6,2020-W6,44.04,22.47,81.82,139.10
2020,7,2020-W7,61.22,24.49,68.12,149.89
2020,8,2020-W8,40.34,24.66,76.43,134.67
2020,9,2020-W9,45.60,24.15,78.90,133.00
2020,10,2020-W10,47.95,23.45,83.80,125.70
2020,11,2020-W11,30.23,22.73,86.30,118.22
2020,12,2020-W12,35.02,23.23,82.51,118.50
2020,13,2020-W13,20.99,22.65,83.83,131.86
2020,14,2020-W14,24.37,24.12,82.00,129.50
2020,15,2020-W15,21.52,24.61,79.42,152.50
2020,16,2020-W16,22.42,22.60,83.66,117.00
2020,17,2020-W17,29.28,21.97,87.11,100.14
2020,18,2020-W18,19.02,22.78,83.87,135.71
2020,19,2020-W19,27.09,22.63,86.37,137.29
2020,20,2020-W20,22.53,23.19,83.95,152.38
2020,21,2020-W21,27.53,22.01,86.09,154.00
2020,22,2020-W22,40.38,23.12,83.07,146.22
2020,23,2020-W23,39.70,22.96,79.59,145.40
2020,24,2020-W24,36.51,21.65,85.08,153.00
2020,25,2020-W25,40.08,22.46,76.75,144.90
2020,26,2020-W26,42.87,22.65,78.59,148.10
2020,27,2020-W27,48.79,23.09,73.76,154.70
2020,28,2020-W28,51.85,21.44,84.46,150.90
2020,29,2020-W29,43.39,21.20,78.85,148.10
2020,30,2020-W30,63.59,22.04,77.41,152.50
2020,31,2020-W31,54.84,22.45,78.37,151.30
2020,32,2020-W32,47.36,22.15,76.36,154.00
2020,33,2020-W33,49.14,22.49,80.36,140.20
2020,34,2020-W34,44.84,22.42,82.64,145.67
2020,35,2020-W35,45.09,21.58,83.19,139.22
2020,36,2020-W36,39.93,21.91,81.64,123.70
2020,37,2020-W37,43.72,21.23,85.57,146.40
2020,38,2020-W38,45.25,22.86,79.42,153.30
2020,39,2020-W39,35.47,22.07,82.08,120.20
2020,40,2020-W40,31.83,22.59,79.70,139.40
2020,41,2020-W41,33.66,22.21,79.20,138.10
2020,42,2020-W42,37.30,21.39,85.97,130.50
2020,43,2020-W43,29.64,22.12,84.80,115.10
2020,44,2020-W44,29.69,21.55,85.48,137.00
2020,45,2020-W45,29.20,22.82,80.75,130.78
2020,46,2020-W46,28.41,21.81,84.95,141.22
2020,47,2020-W47,40.51,21.27,87.32,136.22
2020,48,2020-W48,35.04,21.64,85.95,156.88
2020,49,2020-W49,49.16,21.59,85.20,156.75
2020,50,2020-W50,40.64,22.43,80.74,155.75
2020,51,2020-W51,44.91,22.63,77.46,158.00
2020,52,2020-W52,32.42,22.30,83.39,156.00
2020,53,2020-W53,42.32,22.74,80.39,88.75
2021,1,2021-W1,39.68,22.35,82.32,135.11
2021,2,2021-W2,50.64,21.91,87.91,58.56
2021,3,2021-W3,49.32,22.07,83.93,122.11
2021,4,2021-W4,34.84,23.05,79.49,137.56
2021,5,2021-W5,47.99,22.63,75.60,131.00
2021,6,2021-W6,52.04,22.54,81.38,127.13
2021,7,2021-W7,54.45,23.19,73.06,125.44
2021,8,2021-W8,59.13,23.58,76.14,110.56
2021,9,2021-W9,39.87,24.77,74.40,111.11
2021,10,2021-W10,29.20,24.12,75.72,142.86
2021,11,2021-W11,28.04,22.51,80.05,143.00
2021,12,2021-W12,33.56,22.90,80.34,141.71
2021,13,2021-W13,26.77,22.14,82.49,140.71
2021,14,2021-W14,18.81,23.42,76.85,137.29
2021,15,2021-W15,21.39,22.44,82.02,135.43
2021,16,2021-W16,19.35,22.31,83.57,125.88
2021,17,2021-W17,24.29,21.87,84.02,45.13
2021,19,2021-W19,27.61,21.57,86.56,131.43
2021,20,2021-W20,30.25,23.59,80.82,110.13
2021,21,2021-W21,34.15,23.70,73.74,97.38
2021,22,2021-W22,37.39,22.95,80.81,123.75
2021,23,2021-W23,31.38,23.10,74.59,126.38
2021,24,2021-W24,39.86,22.51,77.09,137.63
2021,25,2021-W25,34.04,22.60,75.93,127.89
2021,26,2021-W26,43.03,22.19,77.37,145.11
2021,27,2021-W27,46.67,21.65,76.30,136.13
2021,28,2021-W28,36.29,21.81,76.69,123.78
2021,29,2021-W29,41.28,23.44,69.16,123.88
2021,30,2021-W30,40.71,23.41,67.85,68.00
2021,31,2021-W31,39.58,21.88,80.54,123.50
2021,32,2021-W32,37.82,21.77,81.24,137.50
2021,33,2021-W33,41.92,21.74,80.98,124.33
2021,34,2021-W34,38.88,22.30,79.24,125.50
2021,35,2021-W35,38.12,22.50,80.47,116.11
2021,36,2021-W36,29.50,22.40,80.25,131.10
2021,37,2021-W37,34.45,22.36,81.09,157.88
2021,38,2021-W38,27.09,22.25,81.18,143.75
2021,39,2021-W39,34.46,22.39,82.07,126.40
2021,40,2021-W40,36.94,22.64,81.44,151.20
2021,41,2021-W41,37.89,21.88,82.29,144.20
2021,42,2021-W42,33.37,22.72,82.12,144.80
2021,43,2021-W43,35.93,23.26,77.87,144.60
2021,44,2021-W44,34.82,21.83,84.24,108.40
2021,45,2021-W45,45.70,23.94,75.62,131.44
2021,46,2021-W46,37.77,23.22,78.00,149.89
2021,47,2021-W47,39.10,22.41,80.82,147.78
2021,48,2021-W48,31.06,22.88,82.43,144.33
2021,49,2021-W49,38.10,23.96,74.81,146.33
2021,50,2021-W50,37.51,23.25,79.51,130.67
2021,51,2021-W51,36.40,23.58,81.74,134.56
2021,52,2021-W52,37.39,22.87,80.91,67.75
2021,53,2021-W53,23.19,20.61,89.42,65.75
2022,1,2022-W1,68.63,23.52,72.65,138.63
2022,2,2022-W2,41.14,24.19,72.08,117.38
2022,3,2022-W3,61.92,22.42,72.68,120.44
2022,4,2022-W4,64.26,24.30,67.33,142.33
2022,5,2022-W5,59.16,22.36,80.69,109.33
2022,6,2022-W6,43.22,23.02,79.27,114.80
2022,7,2022-W7,41.71,23.26,81.58,123.70
2022,8,2022-W8,39.44,22.87,80.57,144.14
2022,9,2022-W9,40.89,24.37,77.74,123.22
2022,10,2022-W10,40.61,24.14,77.09,123.22
2022,11,2022-W11,50.42,23.51,76.40,132.22
2022,12,2022-W12,26.35,23.70,76.29,146.38
2022,13,2022-W13,26.09,23.11,80.96,71.38
2022,14,2022-W14,28.80,23.96,75.26,19.86
2022,15,2022-W15,29.18,23.27,79.75,39.50
2022,16,2022-W16,19.85,24.33,80.00,54.50
2022,17,2022-W17,24.95,22.31,85.41,74.60
2022,18,2022-W18,16.87,22.36,85.97,102.00
2022,19,2022-W19,21.88,23.18,84.67,63.50
2022,20,2022-W20,30.00,22.98,84.34,60.50
2022,21,2022-W21,35.32,21.55,86.66,62.75
2022,22,2022-W22,28.10,21.90,82.52,48.63
2022,23,2022-W23,34.10,22.57,79.66,64.86
2022,24,2022-W24,36.31,22.45,82.32,68.50
2022,25,2022-W25,47.20,22.31,79.20,59.43
2022,26,2022-W26,27.74,22.28,74.86,74.57
2022,27,2022-W27,49.14,21.89,74.11,68.83
2022,28,2022-W28,38.21,22.79,74.49,77.80
2022,29,2022-W29,38.02,22.29,74.81,66.00
2022,30,2022-W30,37.43,22.35,79.27,74.13
2022,31,2022-W31,40.50,21.63,80.54,113.86
2022,32,2022-W32,41.16,22.61,76.47,127.78
2022,33,2022-W33,32.05,21.21,85.50,139.89
2022,34,2022-W34,36.12,21.66,80.57,131.67
2022,35,2022-W35,30.46,20.83,85.94,155.22
2022,36,2022-W36,31.93,21.72,85.79,247.88
2022,37,2022-W37,30.76,20.95,89.61,173.00
2022,38,2022-W38,31.68,21.92,84.44,247.22
2022,39,2022-W39,40.30,22.24,83.41,247.11
2022,40,2022-W40,31.94,22.01,83.34,179.56
2022,41,2022-W41,36.47,22.12,82.31,866.00
2022,42,2022-W42,36.81,21.91,85.52,142.11
2022,43,2022-W43,34.35,23.59,78.91,133.56
2022,44,2022-W44,30.27,22.32,83.18,133.11
2022,45,2022-W45,28.37,21.97,83.57,109.89
2022,46,2022-W46,32.29,21.47,86.58,131.38
2022,47,2022-W47,28.66,21.65,86.09,116.33
2022,48,2022-W48,34.34,21.96,83.51,505.25
2022,49,2022-W49,30.01,21.93,83.55,324.17
2022,50,2022-W50,36.29,22.47,81.62,98.00
2022,51,2022-W51,49.08,21.23,88.41,90.29
2022,52,2022-W52,35.49,22.19,82.24,95.11
2023,1,2023-W1,42.78,24.16,67.65,258.00
2023,2,2023-W2,50.96,21.26,85.39,351.67
2023,3,2023-W3,55.67,22.62,80.09,700.71
2023,4,2023-W4,54.08,22.57,82.10,674.00
2023,5,2023-W5,52.10,23.64,73.19,252.57
2023,6,2023-W6,52.63,22.93,80.93,219.00
2023,7,2023-W7,68.76,25.00,63.72,255.29
2023,8,2023-W8,51.43,24.13,77.66,412.00
2023,9,2023-W9,27.62,22.68,81.92,246.71
2023,10,2023-W10,40.48,24.27,75.78,177.71
2023,11,2023-W11,28.29,22.03,84.69,150.57
2023,12,2023-W12,21.96,21.95,86.39,272.00
2023,13,2023-W13,28.09,21.92,85.84,235.71
2023,14,2023-W14,21.46,22.72,85.52,129.67
2023,15,2023-W15,21.25,23.89,81.67,121.43
2023,16,2023-W16,19.05,22.58,87.51,138.86
2023,17,2023-W17,22.12,21.83,87.00,138.57
2023,18,2023-W18,30.03,22.53,87.43,134.86
2023,19,2023-W19,22.74,23.38,85.24,123.43
2023,20,2023-W20,34.05,24.49,81.53,142.17
2023,21,2023-W21,31.13,24.08,80.06,598.50
2023,22,2023-W22,29.09,22.85,82.87,344.67
2023,23,2023-W23,39.99,22.89,82.66,120.50
2023,24,2023-W24,51.29,22.53,85.89,139.22
2023,25,2023-W25,46.00,22.55,84.01,287.44
2023,26,2023-W26,59.60,22.51,84.20,379.33
2023,27,2023-W27,41.17,22.66,77.65,216.78
2023,28,2023-W28,50.52,23.11,79.30,271.11
2023,29,2023-W29,48.62,23.52,73.02,235.00
2023,30,2023-W30,55.31,23.21,77.67,325.44
2023,31,2023-W31,51.90,21.75,84.17,97.00
2023,32,2023-W32,45.85,23.49,79.35,79.25
2023,33,2023-W33,50.05,23.16,81.32,75.38
2023,34,2023-W34,48.53,24.06,76.66,141.33
2023,35,2023-W35,47.38,23.38,78.99,311.67
2023,36,2023-W36,33.66,23.07,81.24,184.78
2023,38,2023-W38,47.33,21.62,88.76,64.57
2023,40,2023-W40,32.67,24.48,77.21,77.38
2023,41,2023-W41,42.83,23.08,84.89,64.25
2023,42,2023-W42,26.01,23.42,80.72,69.50
2023,43,2023-W43,27.98,23.61,81.50,64.50
2023,44,2023-W44,27.79,22.44,86.24,62.00
2023,45,2023-W45,35.54,23.83,81.23,69.50
2023,46,2023-W46,32.82,22.87,89.40,58.57
2023,47,2023-W47,25.65,23.22,85.21,48.71
2023,48,2023-W48,41.94,22.59,85.98,14.00
2023,49,2023-W49,35.09,21.96,90.06,66.00
2023,50,2023-W50,56.10,22.84,86.82,81.43
2023,52,2023-W52,53.22,23.27,80.37,33.75
2024,2,2024-W2,62.41,22.68,88.49,31.29
2024,3,2024-W3,71.70,24.19,79.39,38.38
2024,4,2024-W4,56.34,23.56,83.00,60.38
2024,5,2024-W5,66.13,23.15,83.96,67.63
2024,6,2024-W6,52.78,23.85,81.82,125.38
2024,7,2024-W7,29.46,23.53,86.05,27.38
2024,8,2024-W8,34.78,27.04,67.00,110.25
2024,9,2024-W9,35.52,23.90,83.35,56.50
2024,10,2024-W10,32.89,24.51,82.21,104.50
2024,11,2024-W11,27.79,26.97,69.74,49.75
2024,13,2024-W13,22.33,24.95,80.30,75.67
2024,14,2024-W14,23.98,23.02,88.23,110.89
2024,15,2024-W15,24.25,23.90,85.67,138.44
2024,16,2024-W16,17.99,24.61,82.90,76.89
2024,18,2024-W18,31.06,24.45,87.91,10.78
2024,20,2024-W20,28.78,24.89,82.71,23.00
2024,21,2024-W21,26.24,24.41,82.56,72.78
2024,22,2024-W22,39.73,25.67,79.11,64.00
2024,25,2024-W25,40.91,23.24,79.33,34.44
2024,26,2024-W26,49.50,23.08,75.50,409.00
2024,27,2024-W27,63.49,23.10,80.69,553.22
2024,28,2024-W28,53.41,22.88,86.58,273.67
2024,29,2024-W29,59.04,22.61,85.20,602.11
2024,30,2024-W30,49.38,21.88,86.87,593.00
2024,31,2024-W31,56.38,22.05,87.92,1250.25
2024,32,2024-W32,50.23,23.04,83.20,890.00
2024,33,2024-W33,43.35,22.04,87.82,1079.44
2024,34,2024-W34,53.97,21.95,82.43,769.33
2024,35,2024-W35,46.53,22.88,83.88,1074.67
2024,36,2024-W36,45.28,22.75,84.99,1107.78
2024,37,2024-W37,51.82,23.62,80.41,1091.56
2024,38,2024-W38,39.81,22.92,80.44,1043.56
2024,39,2024-W39,39.92,23.33,82.46,965.50
2024,40,2024-W40,40.73,23.58,82.30,769.13
2024,42,2024-W42,44.22,22.94,87.70,85.00
2024,43,2024-W43,38.73,23.45,86.50,1114.71
2024,44,2024-W44,37.57,22.83,85.74,1194.43
2024,45,2024-W45,34.87,23.01,84.02,1158.57
2024,46,2024-W46,42.82,23.08,85.78,993.00
2024,47,2024-W47,43.67,3.64,11.84,1208.25
2024,48,2024-W48,39.07,16.65,64.17,2178.75
2024,49,2024-W49,56.31,21.99,80.05,801.71
2024,50,2024-W50,45.31,23.50,84.45,530.43
