date,pm2_5,avgtemp,avghumidity,avgtemp_sat,humidity_sat,windspeed,precip,TB,ILI,ILD_deaths,SARI,SARI_deaths,pneumonia,severe_pneumonia,cough_cold,year,month
2020-01-01,69.075,24.015,68.3725,22.5425,73.2975,2.49,8.875,114.0,0.0,0.0,135,1.0,1403,298,21583,2020,1
2020-02-01,45.2225,23.3525,77.5575,22.7475,77.4675,2.1025,42.6225,1083.0,135.0,0.0,598,3.0,1672,355,23798,2020,2
2020-03-01,35.958000000000006,23.241999999999997,83.06800000000001,22.57,82.258,2.1079999999999997,59.275999999999996,1650.0,202.0,3.0,1155,2.0,2465,565,26223,2020,3
2020-04-01,24.3975,23.325,83.0475,22.235,83.785,2.1575,30.975,979.0,70.0,0.0,411,4.0,650,159,12825,2020,4
2020-05-01,27.310000000000002,22.746000000000002,84.67,21.128,86.70599999999999,2.93,42.724000000000004,1540.0,3592.0,0.0,877,2.0,1074,172,12368,2020,5
2020-06-01,39.79,22.43,80.0025,20.5025,83.225,3.545,16.1925,1406.0,109.0,0.0,546,10.0,1528,276,18228,2020,6
2020-07-01,51.905,21.9425,78.62,20.05,79.8875,3.815,8.0525,1620.0,61.0,0.0,421,1.0,803,241,15029,2020,7
2020-08-01,48.254000000000005,22.218,80.184,21.34,77.214,2.682,15.917999999999997,1955.0,312.0,0.0,671,0.0,1073,321,17564,2020,8
2020-09-01,41.0925,22.0175,82.1775,21.935,76.27000000000001,2.0549999999999997,26.487499999999997,1626.0,51.0,0.0,594,1.0,1506,361,18182,2020,9
2020-10-01,33.1075,22.0775,82.4175,21.5175,81.4125,1.8325,28.244999999999997,1624.0,55.0,0.0,684,2.0,1205,281,18692,2020,10
2020-11-01,32.57,21.818,84.89,21.6,81.964,1.936,58.778,2174.0,175.0,6775.0,733,9.0,1658,409,22262,2020,11
2020-12-01,41.7825,22.2375,81.69749999999999,22.09,74.155,2.185,26.845000000000002,1400.0,149.0,20.0,582,1.0,1828,304,23726,2020,12
2021-01-01,43.36,22.424,82.80799999999999,22.236,74.726,2.272,34.83,1908.0,48.0,2.0,729,3.0,1721,599,21217,2021,1
2021-02-01,53.4025,22.985,76.545,22.7375,73.2075,2.3125,11.557500000000001,2054.0,63.0,5.0,412,2.0,1351,466,19535,2021,2
2021-03-01,32.667500000000004,23.575,77.6275,23.2625,73.975,2.425,12.7125,2403.0,51.0,0.0,435,1.0,1628,364,22562,2021,3
2021-04-01,21.58,22.5775,81.23249999999999,21.61,84.36500000000001,2.35,48.35,1899.0,54.0,13.0,543,16.0,2277,468,25977,2021,4
2021-05-01,29.075,22.6825,81.285,21.5925,83.16499999999999,2.4825,17.465,2230.0,104.0,1.0,606,4.0,3532,1328,31921,2021,5
2021-06-01,35.6675,22.79,77.105,21.1725,78.64750000000001,3.265,3.9,1423.0,310.0,49.0,2087,47.0,4119,1620,31244,2021,6
2021-07-01,41.8175,22.2725,74.88,21.2075,71.415,4.0225,2.8775,1772.0,105.0,30.0,1198,37.0,1563,634,14604,2021,7
2021-08-01,39.782,22.22,77.97,22.546,68.05,3.148,4.356,2461.0,102.0,17.0,1095,15.0,1495,356,19220,2021,8
2021-09-01,32.29,22.377499999999998,80.7475,22.21,74.74,2.3049999999999997,21.695,2015.0,43.0,20.0,728,37.0,1660,353,18828,2021,9
2021-10-01,35.718,22.578,81.158,23.020000000000003,73.67,2.004,22.07,2194.0,61.0,11.0,918,19.0,1991,256,18121,2021,10
2021-11-01,39.347500000000004,22.85,79.67,22.26,78.53999999999999,2.01,52.677499999999995,1812.0,126.0,0.0,677,12.0,2327,491,21104,2021,11
2021-12-01,35.7675,23.4175,79.6225,22.69,75.9025,2.0825,20.247500000000002,1340.0,172.0,0.0,1010,20.0,2269,404,29086,2021,12
2022-01-01,54.668000000000006,23.46,73.13,23.330000000000002,67.86,2.232,13.402000000000001,2200.0,444.0,11.0,3738,15.0,2535,553,28440,2022,1
2022-02-01,45.8825,22.8775,80.5275,23.26,69.8425,2.1075,11.2325,2676.0,61.0,2.0,883,6.0,3838,554,34275,2022,2
2022-03-01,39.5675,23.93,76.88,24.3125,70.27000000000001,2.5775,49.980000000000004,3148.0,360.0,0.0,1347,18.0,3571,387,39249,2022,3
2022-04-01,25.98,23.6675,78.9925,22.8025,77.8275,2.5175,34.38,2145.0,235.0,8.0,1116,1.0,2668,235,30247,2022,4
2022-05-01,25.803999999999995,22.476,85.41,21.752,82.556,2.652,30.715999999999998,2781.0,84.0,21.0,1126,1.0,2333,301,30444,2022,5
2022-06-01,36.4275,22.307499999999997,80.925,21.195,77.7075,3.4475,16.4475,2849.0,162.0,0.0,1361,2.0,2899,335,36349,2022,6
2022-07-01,38.108,22.32,75.508,21.497999999999998,69.866,3.7880000000000003,8.118,3671.0,186.0,0.0,1658,1.0,2424,287,30021,2022,7
2022-08-01,37.457499999999996,21.7775,80.77,21.775,73.45750000000001,2.49,24.29,3144.0,116.0,0.0,439,1.0,2509,438,26434,2022,8
2022-09-01,31.2075,21.355,86.445,22.1025,76.19749999999999,2.3,27.0225,3477.0,85.0,8.0,494,11.0,1707,327,22710,2022,9
2022-10-01,35.974000000000004,22.374000000000002,82.69800000000001,22.012,77.718,1.802,38.232,4539.0,296.0,19.0,681,1.0,2116,560,26451,2022,10
2022-11-01,29.8975,21.8525,84.855,21.8175,80.5575,1.8125,49.095,2974.0,71.0,8.0,413,0.0,2164,375,28043,2022,11
2022-12-01,37.43,21.8975,84.27250000000001,21.8125,78.8925,2.08,37.565,2682.0,467.0,15.0,417,0.0,1887,267,23740,2022,12
2023-01-01,47.79600000000001,22.560000000000002,79.494,22.928,68.31400000000001,2.416,7.159999999999999,2570.0,167.0,7.0,562,9.0,1567,242,24050,2023,1
2023-02-01,56.230000000000004,23.925,73.875,25.13,60.4025,2.4924999999999997,8.7075,3000.0,106.0,0.0,481,26.0,1454,205,22498,2023,2
2023-03-01,29.5875,22.7325,82.195,22.715,76.2225,2.2775,53.144999999999996,3343.0,229.0,17.0,660,9.0,1758,345,29349,2023,3
2023-04-01,22.394,22.588,85.50800000000001,21.736,84.412,2.228,56.092,4323.0,216.0,0.0,646,0.0,2654,416,28829,2023,4
2023-05-01,29.487499999999997,23.619999999999997,83.565,22.1875,82.38,2.59,19.5475,3410.0,320.0,70.0,640,3.0,2414,272,29059,2023,5
2023-06-01,41.5925,22.705000000000002,83.8575,21.78,80.125,2.6825,38.64,2902.0,185.0,106.0,655,0.0,1432,258,25956,2023,6
2023-07-01,51.044,23.002000000000002,78.36800000000001,21.666,74.36800000000001,3.2039999999999997,8.082,3945.0,185.0,9.0,698,9.0,1593,442,28265,2023,7
2023-08-01,49.082499999999996,23.115,80.375,23.2625,69.2125,2.7775,9.182500000000001,3114.0,377.0,0.0,636,9.0,2164,211,27379,2023,8
2023-09-01,42.79,22.689999999999998,82.99666666666667,22.923333333333332,74.00333333333333,2.36,54.96666666666666,2292.0,226.0,0.0,274,0.0,1486,302,22234,2023,9
2023-10-01,32.3725,23.6475,81.08,22.3675,81.6975,1.9925,56.832499999999996,3282.0,395.0,3.0,1115,1.0,2245,285,25003,2023,10
2023-11-01,30.45,23.09,85.52,21.875,83.67,1.7375,73.3725,3267.0,669.0,10.0,826,2.0,1826,404,28847,2023,11
2023-12-01,46.5875,22.665,85.8075,22.14,80.31,1.855,31.134999999999998,2863.0,1767.0,10.0,1399,0.0,2142,257,27720,2023,12
2024-01-01,63.48333333333333,23.47666666666667,83.62666666666667,22.83,75.18333333333334,1.99,14.553333333333333,3090.0,1255.0,13.0,979,3.0,1413,484,25584,2024,1
2024-02-01,45.7875,24.3925,79.7075,23.96,74.195,2.0725,17.3925,4120.0,2261.0,0.0,923,3.0,1762,225,23097,2024,2
2024-03-01,29.6325,25.0825,78.89999999999999,23.43,78.06,2.375,41.5325,4000.0,3465.0,14.0,927,1.0,2022,569,24756,2024,3
2024-04-01,22.073333333333334,23.843333333333334,85.60000000000001,22.406666666666666,84.84666666666666,2.3400000000000003,54.68666666666667,2375.0,2771.0,0.0,534,1.0,2185,629,27611,2024,4
2024-05-01,28.69333333333333,24.583333333333332,84.39333333333333,22.563333333333333,82.42999999999999,2.9333333333333336,14.973333333333334,2802.0,2690.0,0.0,501,2.0,1784,462,22941,2024,5
2024-06-01,43.379999999999995,23.996666666666666,77.98,22.08666666666667,76.47666666666667,3.16,9.746666666666666,3103.0,4188.0,0.0,967,2.0,1981,265,26118,2024,6
2024-07-01,56.33,22.6175,84.83500000000001,22.1975,74.65,2.33,14.995,3635.0,8110.0,10.0,1588,9.0,3129,472,32066,2024,7
2024-08-01,50.9825,22.27,85.3425,22.61,72.4,2.0250000000000004,17.29,3755.0,12633.0,82.0,2497,4.0,1915,238,32018,2024,8
2024-09-01,44.672000000000004,23.1,82.43599999999999,23.27,72.314,2.096,31.944,5275.0,10944.0,2.0,2029,23.0,2032,234,22913,2024,9
2024-10-01,41.22666666666667,23.323333333333334,85.5,22.44333333333333,80.12,2.0733333333333333,44.68,2733.0,6537.0,0.0,1076,13.0,2140,523,26815,2024,10
2024-11-01,39.7325,22.973333333333333,85.17999999999999,22.1175,82.42,1.9175,42.714999999999996,3561.0,8747.0,8.0,1341,15.0,2144,413,21900,2024,11
2024-12-01,46.89666666666667,22.744999999999997,76.22333333333334,22.143333333333334,75.47666666666667,2.4566666666666666,13.073333333333332,2645.0,5788.0,0.0,1119,1.0,1880,423,21171,2024,12
