epi_year,epi_week,epi_week_label_x,avgtemp_sat,windspeed,precip,humidity_sat,epi_week_label_y,pm2_5,avgtemp,avghumidity,readings_per_week,date,ILI,ILD_deaths,pneumonia_u5,Severe pneumonia under 5 deaths,SARI,SARI_deaths,TB
2020,1,2020-W1,23.17,2.08,2.52,72.38,2020-W1,43.77,24.45,72.79,98.29,2020-01-05,,,16,,1,1.0,7.0
2020,2,2020-W2,22.3,2.69,12.99,75.43,2020-W2,68.62,23.01,75.92,129.25,2020-01-12,,,15,,44,,30.0
2020,3,2020-W3,22.47,2.18,14.48,73.46,2020-W3,72.99,24.49,70.07,114.0,2020-01-19,,,4,,11,,40.0
2020,4,2020-W4,22.23,3.01,5.51,71.92,2020-W4,90.92,24.11,54.71,144.14,2020-01-26,,,16,,79,,37.0
2020,5,2020-W5,21.24,1.91,66.83,85.09,2020-W5,35.29,21.79,83.86,115.4,2020-02-02,37.0,,39,,102,,343.0
2020,6,2020-W6,22.0,2.0,86.25,79.57,2020-W6,44.04,22.47,81.82,139.1,2020-02-09,14.0,,38,,131,2.0,173.0
2020,7,2020-W7,23.53,2.42,1.91,70.52,2020-W7,61.22,24.49,68.12,149.89,2020-02-16,32.0,,85,1.0,198,1.0,302.0
2020,8,2020-W8,24.22,2.08,15.5,74.69,2020-W8,40.34,24.66,76.43,134.67,2020-02-23,52.0,,78,9.0,167,,265.0
2020,9,2020-W9,23.23,1.91,24.74,77.88,2020-W9,45.6,24.15,78.9,133.0,2020-03-01,47.0,,112,,254,,340.0
2020,10,2020-W10,23.09,2.19,34.51,79.61,2020-W10,47.95,23.45,83.8,125.7,2020-03-08,7.0,3.0,125,4.0,258,1.0,338.0
2020,11,2020-W11,22.31,2.09,44.99,85.83,2020-W11,30.23,22.73,86.3,118.22,2020-03-15,82.0,,99,2.0,273,1.0,333.0
2020,12,2020-W12,22.5,2.19,67.69,82.67,2020-W12,35.02,23.23,82.51,118.5,2020-03-22,49.0,,142,8.0,189,,381.0
2020,13,2020-W13,21.72,2.16,124.45,85.3,2020-W13,20.99,22.65,83.83,131.86,2020-03-29,17.0,,107,2.0,181,,258.0
2020,14,2020-W14,23.3,2.29,31.92,79.7,2020-W14,24.37,24.12,82.0,129.5,2020-04-05,1.0,,73,,119,2.0,219.0
2020,15,2020-W15,22.54,2.39,31.17,83.93,2020-W15,21.52,24.61,79.42,152.5,2020-04-12,18.0,,74,1.0,111,1.0,154.0
2020,16,2020-W16,21.5,2.09,39.38,86.89,2020-W16,22.42,22.6,83.66,117.0,2020-04-19,16.0,,35,4.0,77,,207.0
2020,17,2020-W17,21.6,1.86,21.43,84.62,2020-W17,29.28,21.97,87.11,100.14,2020-04-26,35.0,,57,2.0,104,1.0,399.0
2020,18,2020-W18,20.85,2.72,102.65,87.27,2020-W18,19.02,22.78,83.87,135.71,2020-05-03,3262.0,,40,1.0,193,,270.0
2020,19,2020-W19,21.52,2.87,43.53,87.18,2020-W19,27.09,22.63,86.37,137.29,2020-05-10,65.0,,58,,207,,264.0
2020,20,2020-W20,21.14,2.58,29.81,88.3,2020-W20,22.53,23.19,83.95,152.38,2020-05-17,180.0,,53,12.0,196,2.0,331.0
2020,21,2020-W21,20.72,3.37,21.73,86.0,2020-W21,27.53,22.01,86.09,154.0,2020-05-24,42.0,,57,2.0,152,,356.0
2020,22,2020-W22,21.41,3.11,15.9,84.78,2020-W22,40.38,23.12,83.07,146.22,2020-05-31,43.0,,68,1.0,129,,319.0
2020,23,2020-W23,20.92,3.8,9.61,82.66,2020-W23,39.7,22.96,79.59,145.4,2020-06-07,18.0,,76,1.0,88,,268.0
2020,24,2020-W24,20.62,3.31,28.5,85.47,2020-W24,36.51,21.65,85.08,153.0,2020-06-14,7.0,,86,,120,,254.0
2020,25,2020-W25,20.06,4.01,7.91,82.16,2020-W25,40.08,22.46,76.75,144.9,2020-06-21,40.0,,88,2.0,143,10.0,447.0
2020,26,2020-W26,20.41,3.06,18.75,82.61,2020-W26,42.87,22.65,78.59,148.1,2020-06-28,44.0,,90,2.0,195,,437.0
2020,27,2020-W27,20.57,4.01,3.85,79.73,2020-W27,48.79,23.09,73.76,154.7,2020-07-05,2.0,,73,5.0,88,,364.0
2020,28,2020-W28,20.37,3.09,13.92,81.5,2020-W28,51.85,21.44,84.46,150.9,2020-07-12,43.0,,55,1.0,128,1.0,337.0
2020,29,2020-W29,19.45,4.27,12.86,79.54,2020-W29,43.39,21.2,78.85,148.1,2020-07-19,15.0,,57,1.0,71,,461.0
2020,30,2020-W30,19.81,3.89,1.58,78.78,2020-W30,63.59,22.04,77.41,152.5,2020-07-26,1.0,,67,11.0,134,,458.0
2020,31,2020-W31,20.62,3.5,8.79,77.59,2020-W31,54.84,22.45,78.37,151.3,2020-08-02,4.0,,87,,144,,367.0
2020,32,2020-W32,20.9,2.99,6.47,75.3,2020-W32,47.36,22.15,76.36,154.0,2020-08-09,8.0,,72,1.0,126,,388.0
2020,33,2020-W33,21.5,1.85,16.58,80.18,2020-W33,49.14,22.49,80.36,140.2,2020-08-16,12.0,,76,5.0,146,,429.0
2020,34,2020-W34,21.86,2.78,33.8,78.12,2020-W34,44.84,22.42,82.64,145.67,2020-08-23,270.0,,85,1.0,149,,381.0
2020,35,2020-W35,21.82,2.29,13.95,74.88,2020-W35,45.09,21.58,83.19,139.22,2020-08-30,18.0,,80,2.0,106,,390.0
2020,36,2020-W36,21.74,1.88,8.19,75.85,2020-W36,39.93,21.91,81.64,123.7,2020-09-06,7.0,,64,1.0,117,1.0,358.0
2020,37,2020-W37,21.68,2.51,36.68,76.29,2020-W37,43.72,21.23,85.57,146.4,2020-09-13,27.0,,78,3.0,107,,387.0
2020,38,2020-W38,22.73,1.72,32.01,72.79,2020-W38,45.25,22.86,79.42,153.3,2020-09-20,6.0,,75,,151,,453.0
2020,39,2020-W39,21.59,2.11,29.07,80.15,2020-W39,35.47,22.07,82.08,120.2,2020-09-27,11.0,,83,2.0,219,,428.0
2020,40,2020-W40,21.67,1.82,18.18,81.27,2020-W40,31.83,22.59,79.7,139.4,2020-10-04,5.0,,69,,151,,346.0
2020,41,2020-W41,21.88,1.86,26.75,78.31,2020-W41,33.66,22.21,79.2,138.1,2020-10-11,10.0,,68,1.0,146,,392.0
2020,42,2020-W42,21.36,1.79,32.54,81.48,2020-W42,37.3,21.39,85.97,130.5,2020-10-18,14.0,,56,2.0,135,1.0,449.0
2020,43,2020-W43,21.16,1.86,35.51,84.59,2020-W43,29.64,22.12,84.8,115.1,2020-10-25,26.0,,95,2.0,252,1.0,437.0
2020,44,2020-W44,21.13,1.97,43.96,83.61,2020-W44,29.69,21.55,85.48,137.0,2020-11-01,32.0,,90,1.0,169,8.0,438.0
2020,45,2020-W45,21.82,1.8,63.89,81.13,2020-W45,29.2,22.82,80.75,130.78,2020-11-08,35.0,,77,2.0,72,,363.0
2020,46,2020-W46,21.55,2.05,35.36,82.62,2020-W46,28.41,21.81,84.95,141.22,2020-11-15,39.0,,123,,117,1.0,451.0
2020,47,2020-W47,22.39,2.1,16.94,77.38,2020-W47,40.51,21.27,87.32,136.22,2020-11-22,36.0,,116,2.0,202,,466.0
2020,48,2020-W48,21.11,1.76,133.74,85.08,2020-W48,35.04,21.64,85.95,156.88,2020-11-29,33.0,6775.0,83,3.0,173,,456.0
2020,49,2020-W49,21.71,2.17,8.34,77.6,2020-W49,49.16,21.59,85.2,156.75,2020-12-06,17.0,,115,,113,,400.0
2020,50,2020-W50,22.42,1.96,68.34,73.66,2020-W50,40.64,22.43,80.74,155.75,2020-12-13,76.0,20.0,107,,143,,400.0
2020,51,2020-W51,21.8,2.47,3.52,70.72,2020-W51,44.91,22.63,77.46,158.0,2020-12-20,46.0,,94,1.0,94,1.0,383.0
2020,52,2020-W52,22.43,2.14,27.18,74.64,2020-W52,32.42,22.3,83.39,156.0,2020-12-27,10.0,,120,3.0,232,,217.0
2020,53,2020-W53,21.75,2.12,64.84,75.8,2020-W53,42.32,22.74,80.39,88.75,2021-01-03,17.0,,142,1.0,192,1.0,214.0
2021,1,2021-W1,21.95,2.52,4.14,74.12,2021-W1,39.68,22.35,82.32,135.11,2021-01-10,11.0,1.0,139,4.0,149,1.0,332.0
2021,2,2021-W2,22.09,2.19,50.73,76.02,2021-W2,50.64,21.91,87.91,58.56,2021-01-17,7.0,,127,1.0,106,,305.0
2021,3,2021-W3,22.8,2.36,45.84,76.7,2021-W3,49.32,22.07,83.93,122.11,2021-01-24,7.0,,132,2.0,127,,550.0
2021,4,2021-W4,22.59,2.17,8.6,70.99,2021-W4,34.84,23.05,79.49,137.56,2021-01-31,6.0,1.0,116,1.0,155,1.0,507.0
2021,5,2021-W5,22.72,2.31,8.38,66.36,2021-W5,47.99,22.63,75.6,131.0,2021-02-07,16.0,,140,5.0,97,2.0,429.0
2021,6,2021-W6,22.92,2.33,10.4,75.3,2021-W6,52.04,22.54,81.38,127.13,2021-02-14,11.0,5.0,113,2.0,97,,540.0
2021,7,2021-W7,22.76,2.12,23.11,77.43,2021-W7,54.45,23.19,73.06,125.44,2021-02-21,19.0,,137,2.0,137,,511.0
2021,8,2021-W8,22.55,2.49,4.34,73.74,2021-W8,59.13,23.58,76.14,110.56,2021-02-28,17.0,,101,1.0,81,,574.0
2021,9,2021-W9,23.61,2.49,7.85,73.44,2021-W9,39.87,24.77,74.4,111.11,2021-03-07,11.0,,103,1.0,91,1.0,651.0
2021,10,2021-W10,24.12,2.86,2.49,67.99,2021-W10,29.2,24.12,75.72,142.86,2021-03-14,23.0,,88,10.0,102,,592.0
2021,11,2021-W11,22.87,1.82,26.09,77.35,2021-W11,28.04,22.51,80.05,143.0,2021-03-21,9.0,,123,10.0,107,,589.0
2021,12,2021-W12,22.45,2.53,14.42,77.12,2021-W12,33.56,22.9,80.34,141.71,2021-03-28,8.0,,106,,135,,571.0
2021,13,2021-W13,21.97,2.32,68.26,82.37,2021-W13,26.77,22.14,82.49,140.71,2021-04-04,6.0,5.0,77,,64,,457.0
2021,14,2021-W14,21.71,2.47,36.05,83.65,2021-W14,18.81,23.42,76.85,137.29,2021-04-11,10.0,,71,2.0,137,2.0,409.0
2021,15,2021-W15,21.47,2.31,28.76,85.38,2021-W15,21.39,22.44,82.02,135.43,2021-04-18,16.0,,125,3.0,134,3.0,494.0
2021,16,2021-W16,21.29,2.3,60.33,86.06,2021-W16,19.35,22.31,83.57,125.88,2021-04-25,22.0,8.0,86,4.0,208,11.0,539.0
2021,17,2021-W17,21.92,1.85,37.76,83.02,2021-W17,24.29,21.87,84.02,45.13,2021-05-02,22.0,,72,2.0,156,3.0,465.0
2021,19,2021-W19,21.21,2.1,18.59,85.33,2021-W19,27.61,21.57,86.56,131.43,2021-05-16,20.0,,113,1.0,128,1.0,413.0
2021,20,2021-W20,21.58,2.78,10.7,84.6,2021-W20,30.25,23.59,80.82,110.13,2021-05-23,29.0,,135,3.0,184,,771.0
2021,21,2021-W21,21.66,3.2,2.81,79.71,2021-W21,34.15,23.7,73.74,97.38,2021-05-30,33.0,1.0,114,1.0,138,,581.0
2021,22,2021-W22,21.62,2.69,5.95,80.86,2021-W22,37.39,22.95,80.81,123.75,2021-06-06,49.0,4.0,104,3.0,266,3.0,436.0
2021,23,2021-W23,21.35,3.86,1.91,77.33,2021-W23,31.38,23.1,74.59,126.38,2021-06-13,50.0,6.0,141,2.0,618,4.0,638.2571428571429
2021,24,2021-W24,21.0,2.93,5.39,80.39,2021-W24,39.86,22.51,77.09,137.63,2021-06-20,72.0,22.0,183,2.0,531,9.0,541.0
2021,25,2021-W25,20.72,3.58,2.35,76.01,2021-W25,34.04,22.6,75.93,127.89,2021-06-27,139.0,17.0,142,6.0,672,31.0,446.0
2021,26,2021-W26,21.16,3.7,4.67,74.2,2021-W26,43.03,22.19,77.37,145.11,2021-07-04,29.0,10.0,139,7.0,395,22.0,392.0
2021,27,2021-W27,20.97,3.82,2.72,72.15,2021-W27,46.67,21.65,76.3,136.13,2021-07-11,20.0,3.0,118,11.0,297,4.0,406.0
2021,28,2021-W28,21.31,4.13,4.1,71.98,2021-W28,36.29,21.81,76.69,123.78,2021-07-18,34.0,6.0,109,,249,3.0,448.0
2021,29,2021-W29,21.39,4.44,0.02,67.33,2021-W29,41.28,23.44,69.16,123.88,2021-07-25,22.0,11.0,112,2.0,257,8.0,526.0
2021,30,2021-W30,21.49,4.68,0.54,66.72,2021-W30,40.71,23.41,67.85,68.0,2021-08-01,15.0,6.0,89,,233,7.0,514.0
2021,31,2021-W31,23.09,2.65,4.03,66.79,2021-W31,39.58,21.88,80.54,123.5,2021-08-08,18.0,,112,1.0,267,1.0,468.0
2021,32,2021-W32,21.55,2.69,13.9,77.5,2021-W32,37.82,21.77,81.24,137.5,2021-08-15,23.0,,132,1.0,217,,468.0
2021,33,2021-W33,22.76,2.83,2.6,69.15,2021-W33,41.92,21.74,80.98,124.33,2021-08-22,25.0,,116,2.0,252,5.0,482.0
2021,34,2021-W34,23.84,2.89,0.71,60.09,2021-W34,38.88,22.3,79.24,125.5,2021-08-29,21.0,11.0,151,,126,2.0,529.0
2021,35,2021-W35,22.26,2.07,19.84,74.66,2021-W35,38.12,22.5,80.47,116.11,2021-09-05,7.0,2.0,101,4.0,150,11.0,512.0
2021,36,2021-W36,21.97,2.57,17.46,75.76,2021-W36,29.5,22.4,80.25,131.1,2021-09-12,12.0,3.0,102,4.0,274,10.0,492.0
2021,37,2021-W37,22.74,2.18,36.31,72.74,2021-W37,34.45,22.36,81.09,157.88,2021-09-19,15.0,11.0,96,5.0,153,7.0,506.0
2021,38,2021-W38,21.87,2.4,13.17,75.8,2021-W38,27.09,22.25,81.18,143.75,2021-09-26,9.0,4.0,178,,151,9.0,505.0
2021,39,2021-W39,22.92,1.86,18.03,73.14,2021-W39,34.46,22.39,82.07,126.4,2021-10-03,7.0,8.0,101,9.0,244,,414.0
2021,40,2021-W40,23.09,1.81,8.0,72.06,2021-W40,36.94,22.64,81.44,151.2,2021-10-10,3.0,,107,17.0,172,5.0,465.0
2021,41,2021-W41,23.1,1.96,16.71,72.39,2021-W41,37.89,21.88,82.29,144.2,2021-10-17,10.0,,69,,150,8.0,403.0
2021,42,2021-W42,22.71,2.17,39.38,77.06,2021-W42,33.37,22.72,82.12,144.8,2021-10-24,12.0,3.0,83,1.0,209,3.0,464.0
2021,43,2021-W43,23.28,2.22,28.23,73.7,2021-W43,35.93,23.26,77.87,144.6,2021-10-31,29.0,,105,11.0,143,3.0,448.0
2021,44,2021-W44,22.17,1.87,77.13,78.86,2021-W44,34.82,21.83,84.24,108.4,2021-11-07,25.0,,89,,117,5.0,382.0
2021,45,2021-W45,22.31,1.81,13.24,78.14,2021-W45,45.7,23.94,75.62,131.44,2021-11-14,23.0,,89,1.0,235,5.0,404.0
2021,46,2021-W46,22.64,2.08,27.09,76.2,2021-W46,37.77,23.22,78.0,149.89,2021-11-21,54.0,,153,1.0,154,2.0,530.0
2021,47,2021-W47,21.92,2.28,93.25,80.96,2021-W47,39.1,22.41,80.82,147.78,2021-11-28,24.0,,119,11.0,171,,496.0
2021,48,2021-W48,21.91,2.05,15.68,80.05,2021-W48,31.06,22.88,82.43,144.33,2021-12-05,34.0,,98,2.0,227,2.0,524.0
2021,49,2021-W49,22.34,2.12,27.1,75.07,2021-W49,38.1,23.96,74.81,146.33,2021-12-12,61.0,,129,,170,1.0,501.0
2021,50,2021-W50,22.8,2.12,21.26,75.02,2021-W50,37.51,23.25,79.51,130.67,2021-12-19,48.0,,108,1.0,166,14.0,638.2571428571429
2021,51,2021-W51,23.71,2.04,16.95,73.47,2021-W51,36.4,23.58,81.74,134.56,2021-12-26,29.0,,87,1.0,447,3.0,315.0
2021,52,2021-W52,22.64,1.88,20.5,75.17,2021-W52,37.39,22.87,80.91,67.75,2022-01-02,144.0,,89,,1375,1.0,295.0
2022,1,2022-W1,24.23,2.04,0.41,64.89,2022-W1,68.63,23.52,72.65,138.63,2022-01-09,138.0,,107,,1148,4.0,373.0
2022,2,2022-W2,23.81,2.32,12.47,63.0,2022-W2,41.14,24.19,72.08,117.38,2022-01-16,97.0,1.0,98,,644,5.0,445.0
2022,3,2022-W3,22.03,2.3,30.5,74.96,2022-W3,61.92,22.42,72.68,120.44,2022-01-23,44.0,10.0,57,1.0,276,4.0,511.0
2022,4,2022-W4,23.94,2.62,3.13,61.28,2022-W4,64.26,24.3,67.33,142.33,2022-01-30,21.0,,97,2.0,295,1.0,576.0
2022,5,2022-W5,22.87,2.02,19.7,68.54,2022-W5,59.16,22.36,80.69,109.33,2022-02-06,21.0,,98,,171,4.0,780.0
2022,6,2022-W6,23.71,2.16,7.79,67.95,2022-W6,43.22,23.02,79.27,114.8,2022-02-13,24.0,,115,3.0,215,,589.0
2022,7,2022-W7,23.04,2.13,8.82,73.16,2022-W7,41.71,23.26,81.58,123.7,2022-02-20,3.0,,184,5.0,135,2.0,639.0
2022,8,2022-W8,23.42,2.12,8.62,69.72,2022-W8,39.44,22.87,80.57,144.14,2022-02-27,13.0,2.0,208,2.0,362,,668.0
2022,9,2022-W9,24.77,2.52,120.59,67.26,2022-W9,40.89,24.37,77.74,123.22,2022-03-06,103.0,,194,,360,10.0,619.0
2022,10,2022-W10,25.14,2.62,22.7,66.36,2022-W10,40.61,24.14,77.09,123.22,2022-03-13,85.0,,248,3.0,348,2.0,626.0
2022,11,2022-W11,24.36,2.75,12.93,69.23,2022-W11,50.42,23.51,76.4,132.22,2022-03-20,52.0,,180,2.0,346,,889.0
2022,12,2022-W12,22.98,2.42,43.7,78.23,2022-W12,26.35,23.7,76.29,146.38,2022-03-27,120.0,,219,,293,6.0,1014.0
2022,13,2022-W13,22.7,2.68,41.49,77.75,2022-W13,26.09,23.11,80.96,71.38,2022-04-03,105.0,,126,4.0,205,,592.0
2022,14,2022-W14,23.5,2.74,7.96,74.08,2022-W14,28.8,23.96,75.26,19.86,2022-04-10,42.0,,130,2.0,253,1.0,485.0
2022,15,2022-W15,22.74,2.46,23.62,77.35,2022-W15,29.18,23.27,79.75,39.5,2022-04-17,42.0,8.0,149,,342,,486.0
2022,16,2022-W16,22.27,2.19,64.45,82.13,2022-W16,19.85,24.33,80.0,54.5,2022-04-24,46.0,,197,5.0,316,,582.0
2022,17,2022-W17,21.75,2.14,49.49,82.92,2022-W17,24.95,22.31,85.41,74.6,2022-05-01,24.0,,98,,190,,591.0
2022,18,2022-W18,21.52,3.08,49.68,84.89,2022-W18,16.87,22.36,85.97,102.0,2022-05-08,23.0,8.0,110,5.0,180,,576.0
2022,19,2022-W19,22.5,2.67,8.62,80.99,2022-W19,21.88,23.18,84.67,63.5,2022-05-15,23.0,13.0,126,2.0,277,,545.0
2022,20,2022-W20,22.22,3.12,11.78,79.56,2022-W20,30.0,22.98,84.34,60.5,2022-05-22,3.0,,57,,236,1.0,518.0
2022,21,2022-W21,20.77,2.25,34.01,84.42,2022-W21,35.32,21.55,86.66,62.75,2022-05-29,11.0,,83,1.0,243,,551.0
2022,22,2022-W22,20.94,3.43,8.02,79.5,2022-W22,28.1,21.9,82.52,48.63,2022-06-05,1.0,,87,3.0,130,,583.0
2022,23,2022-W23,21.02,3.78,16.87,78.53,2022-W23,34.1,22.57,79.66,64.86,2022-06-12,3.0,,111,13.0,540,,685.0
2022,24,2022-W24,22.11,3.22,36.85,75.33,2022-W24,36.31,22.45,82.32,68.5,2022-06-19,60.0,,139,1.0,380,1.0,805.0
2022,25,2022-W25,20.71,3.36,4.05,77.47,2022-W25,47.2,22.31,79.2,59.43,2022-06-26,98.0,,494,15.0,311,1.0,776.0
2022,26,2022-W26,21.23,3.99,0.87,70.66,2022-W26,27.74,22.28,74.86,74.57,2022-07-03,35.0,,159,4.0,578,,717.0
2022,27,2022-W27,20.86,4.25,0.15,68.5,2022-W27,49.14,21.89,74.11,68.83,2022-07-10,29.0,,112,6.0,334,1.0,710.0
2022,28,2022-W28,21.77,3.69,4.57,69.73,2022-W28,38.21,22.79,74.49,77.8,2022-07-17,65.0,,121,3.0,315,,731.0
2022,29,2022-W29,21.7,4.07,2.97,67.27,2022-W29,38.02,22.29,74.81,66.0,2022-07-24,36.0,,141,8.0,234,,757.0
2022,30,2022-W30,21.93,2.94,32.03,73.17,2022-W30,37.43,22.35,79.27,74.13,2022-07-31,21.0,,125,1.0,197,,756.0
2022,31,2022-W31,21.32,3.04,16.56,74.62,2022-W31,40.5,21.63,80.54,113.86,2022-08-07,19.0,,124,9.0,153,1.0,746.0
2022,32,2022-W32,22.37,2.58,17.74,68.9,2022-W32,41.16,22.61,76.47,127.78,2022-08-14,14.0,,115,2.0,125,,753.0
2022,33,2022-W33,21.41,1.98,48.73,78.66,2022-W33,32.05,21.21,85.5,139.89,2022-08-21,50.0,,140,1.0,84,,857.0
2022,34,2022-W34,22.0,2.36,14.13,71.65,2022-W34,36.12,21.66,80.57,131.67,2022-08-28,33.0,,116,8.0,77,,788.0
2022,35,2022-W35,21.65,2.66,22.57,76.24,2022-W35,30.46,20.83,85.94,155.22,2022-09-04,34.0,,134,,81,8.0,711.0
2022,36,2022-W36,22.18,2.38,21.43,75.55,2022-W36,31.93,21.72,85.79,247.88,2022-09-11,10.0,,100,,194,1.0,678.0
2022,37,2022-W37,21.81,2.23,24.66,77.95,2022-W37,30.76,20.95,89.61,173.0,2022-09-18,13.0,,153,1.0,82,1.0,767.0
2022,38,2022-W38,22.77,1.93,39.43,75.05,2022-W38,31.68,21.92,84.44,247.22,2022-09-25,28.0,8.0,138,2.0,137,1.0,1321.0
2022,39,2022-W39,22.24,1.71,23.1,73.79,2022-W39,40.3,22.24,83.41,247.11,2022-10-02,20.0,,167,4.0,196,,1111.0
2022,40,2022-W40,21.13,1.73,72.53,79.93,2022-W40,31.94,22.01,83.34,179.56,2022-10-09,218.0,,161,8.0,145,,883.0
2022,41,2022-W41,21.83,1.91,39.3,79.62,2022-W41,36.47,22.12,82.31,866.0,2022-10-16,13.0,,132,1.0,178,,891.0
2022,42,2022-W42,21.64,1.86,43.33,81.31,2022-W42,36.81,21.91,85.52,142.11,2022-10-23,23.0,,117,,60,1.0,877.0
2022,43,2022-W43,23.22,1.8,12.9,73.94,2022-W43,34.35,23.59,78.91,133.56,2022-10-30,22.0,19.0,131,2.0,102,,777.0
2022,44,2022-W44,22.18,1.85,54.56,79.42,2022-W44,30.27,22.32,83.18,133.11,2022-11-06,24.0,,136,3.0,85,,747.0
2022,45,2022-W45,21.47,1.81,42.77,81.9,2022-W45,28.37,21.97,83.57,109.89,2022-11-13,15.0,8.0,107,3.0,107,,818.0
2022,46,2022-W46,21.83,1.88,23.65,80.84,2022-W46,32.29,21.47,86.58,131.38,2022-11-20,14.0,,86,,72,,642.0
2022,47,2022-W47,21.79,1.71,75.4,80.07,2022-W47,28.66,21.65,86.09,116.33,2022-11-27,18.0,,149,3.0,149,,767.0
2022,48,2022-W48,22.0,2.22,18.78,78.02,2022-W48,34.34,21.96,83.51,505.25,2022-12-04,118.0,,1037,2.0,160,,814.0
2022,49,2022-W49,21.56,2.02,61.19,81.6,2022-W49,30.01,21.93,83.55,324.17,2022-12-11,117.0,,125,2.0,96,,745.0
2022,50,2022-W50,21.85,1.93,46.42,78.34,2022-W50,36.29,22.47,81.62,98.0,2022-12-18,122.0,,112,,92,,712.0
2022,51,2022-W51,21.84,2.15,23.87,77.61,2022-W51,49.08,21.23,88.41,90.29,2022-12-25,110.0,15.0,93,,69,,411.0
2022,52,2022-W52,21.65,2.47,9.18,75.86,2022-W52,35.49,22.19,82.24,95.11,2023-01-01,79.0,,93,,61,1.0,406.0
2023,1,2023-W1,22.84,2.64,1.32,65.7,2023-W1,42.78,24.16,67.65,258.0,2023-01-08,22.0,,103,2.0,96,,576.0
2023,2,2023-W2,22.55,2.09,16.04,70.59,2023-W2,50.96,21.26,85.39,351.67,2023-01-15,25.0,,101,1.0,113,8.0,751.0
2023,3,2023-W3,24.14,2.29,0.59,61.77,2023-W3,55.67,22.62,80.09,700.71,2023-01-22,27.0,,137,5.0,73,,638.2571428571429
2023,4,2023-W4,23.46,2.59,8.67,67.65,2023-W4,54.08,22.57,82.1,674.0,2023-01-29,14.0,7.0,115,10.0,219,,837.0
2023,5,2023-W5,24.57,2.07,4.02,60.58,2023-W5,52.1,23.64,73.19,252.57,2023-02-05,30.0,,96,1.0,102,8.0,720.0
2023,6,2023-W6,25.25,2.52,6.7,60.1,2023-W6,52.63,22.93,80.93,219.0,2023-02-12,17.0,,97,1.0,133,9.0,798.0
2023,7,2023-W7,25.82,2.62,0.68,55.04,2023-W7,68.76,25.0,63.72,255.29,2023-02-19,14.0,,107,1.0,134,8.0,711.0
2023,8,2023-W8,24.88,2.76,23.43,65.89,2023-W8,51.43,24.13,77.66,412.0,2023-02-26,45.0,,96,2.0,112,1.0,771.0
2023,9,2023-W9,23.18,2.44,10.19,75.3,2023-W9,27.62,22.68,81.92,246.71,2023-03-05,42.0,,125,3.0,128,,729.0
2023,10,2023-W10,24.34,2.74,13.04,67.57,2023-W10,40.48,24.27,75.78,177.71,2023-03-12,62.0,9.0,81,3.0,158,1.0,697.0
2023,11,2023-W11,22.11,1.73,56.16,79.13,2023-W11,28.29,22.03,84.69,150.57,2023-03-19,66.0,,117,3.0,193,,966.0
2023,12,2023-W12,21.23,2.2,133.19,82.89,2023-W12,21.96,21.95,86.39,272.0,2023-03-26,59.0,8.0,106,12.0,181,8.0,951.0
2023,13,2023-W13,21.63,2.53,72.96,83.13,2023-W13,28.09,21.92,85.84,235.71,2023-04-02,51.0,,136,5.0,135,,1006.0
2023,14,2023-W14,22.17,2.16,25.28,82.04,2023-W14,21.46,22.72,85.52,129.67,2023-04-09,50.0,,151,2.0,89,,797.0
2023,15,2023-W15,22.33,2.17,30.71,82.7,2023-W15,21.25,23.89,81.67,121.43,2023-04-16,33.0,,108,3.0,168,,762.0
2023,16,2023-W16,21.71,2.15,122.11,87.09,2023-W16,19.05,22.58,87.51,138.86,2023-04-23,43.0,,165,,116,,839.0
2023,17,2023-W17,20.84,2.13,29.4,87.1,2023-W17,22.12,21.83,87.0,138.57,2023-04-30,39.0,,134,2.0,138,,919.0
2023,18,2023-W18,21.26,1.85,26.8,84.74,2023-W18,30.03,22.53,87.43,134.86,2023-05-07,110.0,,160,2.0,375,3.0,741.0
2023,19,2023-W19,22.01,2.85,22.42,84.64,2023-W19,22.74,23.38,85.24,123.43,2023-05-14,50.0,,144,1.0,111,,843.0
2023,20,2023-W20,22.86,2.64,16.1,81.05,2023-W20,34.05,24.49,81.53,142.17,2023-05-21,105.0,70.0,116,2.0,105,,939.0
2023,21,2023-W21,22.62,3.02,12.87,79.09,2023-W21,31.13,24.08,80.06,598.5,2023-05-28,55.0,,103,1.0,49,,887.0
2023,22,2023-W22,21.99,3.23,17.4,79.59,2023-W22,29.09,22.85,82.87,344.67,2023-06-04,119.0,97.0,87,2.0,112,,904.0
2023,23,2023-W23,21.73,2.65,92.22,80.12,2023-W23,39.99,22.89,82.66,120.5,2023-06-11,18.0,,87,2.0,229,,594.0
2023,24,2023-W24,21.98,2.26,19.96,79.13,2023-W24,51.29,22.53,85.89,139.22,2023-06-18,34.0,,87,3.0,198,,676.0
2023,25,2023-W25,21.42,2.59,24.98,81.66,2023-W25,46.0,22.55,84.01,287.44,2023-06-25,14.0,9.0,90,19.0,116,,728.0
2023,26,2023-W26,21.57,2.63,21.44,79.18,2023-W26,59.6,22.51,84.2,379.33,2023-07-02,38.0,9.0,124,12.0,88,,730.0
2023,27,2023-W27,20.92,3.54,7.61,76.84,2023-W27,41.17,22.66,77.65,216.78,2023-07-09,38.0,,120,1.0,116,8.0,729.0
2023,28,2023-W28,21.78,3.02,7.74,73.97,2023-W28,50.52,23.11,79.3,271.11,2023-07-16,19.0,,136,1.0,66,1.0,823.0
2023,29,2023-W29,21.79,3.64,0.36,70.15,2023-W29,48.62,23.52,73.02,235.0,2023-07-23,49.0,,127,6.0,119,,849.0
2023,30,2023-W30,22.27,3.19,3.26,71.7,2023-W30,55.31,23.21,77.67,325.44,2023-07-30,41.0,,166,1.0,309,,814.0
2023,31,2023-W31,21.99,3.02,10.18,73.37,2023-W31,51.9,21.75,84.17,97.0,2023-08-06,62.0,,110,2.0,151,,723.0
2023,32,2023-W32,22.86,2.84,5.5,70.27,2023-W32,45.85,23.49,79.35,79.25,2023-08-13,80.0,,161,3.0,81,,781.0
2023,33,2023-W33,23.82,2.67,6.81,67.88,2023-W33,50.05,23.16,81.32,75.38,2023-08-20,87.0,,114,4.0,321,9.0,809.0
2023,34,2023-W34,24.38,2.58,14.24,65.33,2023-W34,48.53,24.06,76.66,141.33,2023-08-27,148.0,,139,2.0,83,,801.0
2023,35,2023-W35,23.16,3.25,16.99,69.5,2023-W35,47.38,23.38,78.99,311.67,2023-09-03,96.0,,130,6.0,165,,741.0
2023,36,2023-W36,23.37,2.22,17.46,72.59,2023-W36,33.66,23.07,81.24,184.78,2023-09-10,75.0,,130,1.0,40,,761.0
2023,38,2023-W38,22.24,1.61,130.45,79.92,2023-W38,47.33,21.62,88.76,64.57,2023-09-24,55.0,,77,,69,,790.0
2023,40,2023-W40,23.3,2.04,40.23,76.33,2023-W40,32.67,24.48,77.21,77.38,2023-10-08,80.0,3.0,103,,286,,681.0
2023,41,2023-W41,23.15,1.65,92.97,79.43,2023-W41,42.83,23.08,84.89,64.25,2023-10-15,49.0,,86,4.0,248,,857.0
2023,42,2023-W42,20.9,2.28,76.16,88.42,2023-W42,26.01,23.42,80.72,69.5,2023-10-22,81.0,,90,3.0,295,,795.0
2023,43,2023-W43,22.12,2.0,17.97,82.61,2023-W43,27.98,23.61,81.5,64.5,2023-10-29,185.0,,129,1.0,286,1.0,949.0
2023,44,2023-W44,21.53,1.68,48.03,84.52,2023-W44,27.79,22.44,86.24,62.0,2023-11-05,160.0,,129,1.0,267,2.0,795.0
2023,45,2023-W45,21.59,1.71,44.7,82.38,2023-W45,35.54,23.83,81.23,69.5,2023-11-12,178.0,2.0,124,6.0,140,,797.0
2023,46,2023-W46,22.35,1.87,74.41,84.0,2023-W46,32.82,22.87,89.4,58.57,2023-11-19,131.0,8.0,138,1.0,347,,872.0
2023,47,2023-W47,22.03,1.69,126.35,83.78,2023-W47,25.65,23.22,85.21,48.71,2023-11-26,200.0,,188,7.0,72,,803.0
2023,48,2023-W48,22.35,1.95,25.78,76.2,2023-W48,41.94,22.59,85.98,14.0,2023-12-03,444.0,10.0,139,9.0,410,,802.0
2023,49,2023-W49,21.9,1.68,64.57,82.14,2023-W49,35.09,21.96,90.06,66.0,2023-12-10,620.0,,228,2.0,181,,755.0
2023,50,2023-W50,21.85,1.77,17.59,82.0,2023-W50,56.1,22.84,86.82,81.43,2023-12-17,361.0,,145,4.0,408,,932.0
2023,52,2023-W52,22.46,2.02,16.6,80.9,2023-W52,53.22,23.27,80.37,33.75,2023-12-31,342.0,,113,9.0,400,,374.0
2024,2,2024-W2,22.49,1.96,18.4,76.34,2024-W2,62.41,22.68,88.49,31.29,2024-01-14,436.0,,137,1.0,366,,1036.0
2024,3,2024-W3,22.56,2.06,4.95,73.7,2024-W3,71.7,24.19,79.39,38.38,2024-01-21,421.0,5.0,178,5.0,336,,1032.0
2024,4,2024-W4,23.44,1.95,20.31,75.51,2024-W4,56.34,23.56,83.0,60.38,2024-01-28,398.0,8.0,192,1.0,277,3.0,1022.0
2024,5,2024-W5,23.58,2.16,12.15,74.75,2024-W5,66.13,23.15,83.96,67.63,2024-02-04,319.0,,150,9.0,214,1.0,978.0
2024,6,2024-W6,23.87,1.99,17.84,74.24,2024-W6,52.78,23.85,81.82,125.38,2024-02-11,438.0,,113,,197,,1028.0
2024,7,2024-W7,23.82,1.66,33.55,75.91,2024-W7,29.46,23.53,86.05,27.38,2024-02-18,454.0,,128,1.0,290,1.0,930.0
2024,8,2024-W8,24.57,2.48,6.03,71.88,2024-W8,34.78,27.04,67.0,110.25,2024-02-25,1050.0,,118,3.0,222,1.0,1184.0
2024,9,2024-W9,22.41,2.02,93.12,81.17,2024-W9,35.52,23.9,83.35,56.5,2024-03-03,1139.0,,127,1.0,182,,946.0
2024,10,2024-W10,23.53,2.25,23.06,79.97,2024-W10,32.89,24.51,82.21,104.5,2024-03-10,722.0,8.0,119,5.0,304,,889.0
2024,11,2024-W11,24.59,2.99,1.09,70.16,2024-W11,27.79,26.97,69.74,49.75,2024-03-17,892.0,6.0,243,1.0,276,1.0,1082.0
2024,13,2024-W13,23.19,2.24,48.86,80.94,2024-W13,22.33,24.95,80.3,75.67,2024-03-31,712.0,,85,2.0,165,,1083.0
2024,14,2024-W14,21.95,1.99,42.79,85.61,2024-W14,23.98,23.02,88.23,110.89,2024-04-07,588.0,,110,2.0,142,,717.0
2024,15,2024-W15,22.67,2.04,75.68,83.77,2024-W15,24.25,23.9,85.67,138.44,2024-04-14,1046.0,,132,1.0,154,,762.0
2024,16,2024-W16,22.6,2.99,45.59,85.16,2024-W16,17.99,24.61,82.9,76.89,2024-04-21,1137.0,,152,3.0,238,1.0,896.0
2024,18,2024-W18,22.49,2.8,22.48,84.1,2024-W18,31.06,24.45,87.91,10.78,2024-05-05,711.0,,163,1.0,118,,771.0
2024,20,2024-W20,22.88,3.11,6.86,81.49,2024-W20,28.78,24.89,82.71,23.0,2024-05-19,1012.0,,139,3.0,196,,1004.0
2024,21,2024-W21,22.32,2.89,15.58,81.7,2024-W21,26.24,24.41,82.56,72.78,2024-05-26,967.0,,132,,187,2.0,1027.0
2024,22,2024-W22,23.26,2.63,8.26,78.95,2024-W22,39.73,25.67,79.11,64.0,2024-06-02,977.0,,125,2.0,196,,875.0
2024,25,2024-W25,21.84,2.93,19.37,76.99,2024-W25,40.91,23.24,79.33,34.44,2024-06-23,1149.0,,213,2.0,234,,1147.0
2024,26,2024-W26,21.16,3.92,1.61,73.49,2024-W26,49.5,23.08,75.5,409.0,2024-06-30,2062.0,,148,1.0,537,2.0,1081.0
2024,27,2024-W27,22.12,2.89,22.31,74.43,2024-W27,63.49,23.1,80.69,553.22,2024-07-07,1767.0,9.0,133,1.0,344,1.0,801.0
2024,28,2024-W28,22.01,2.65,11.35,76.66,2024-W28,53.41,22.88,86.58,273.67,2024-07-14,1789.0,,139,1.0,339,2.0,956.0
2024,29,2024-W29,22.45,1.97,3.8,74.29,2024-W29,59.04,22.61,85.2,602.11,2024-07-21,2040.0,1.0,147,3.0,459,2.0,902.0
2024,30,2024-W30,22.21,1.81,22.52,73.22,2024-W30,49.38,21.88,86.87,593.0,2024-07-28,2514.0,,166,2.0,446,4.0,976.0
2024,31,2024-W31,22.22,1.86,23.21,76.18,2024-W31,56.38,22.05,87.92,1250.25,2024-08-04,2884.0,,158,,526,,901.0
2024,32,2024-W32,23.2,2.14,5.42,67.88,2024-W32,50.23,23.04,83.2,890.0,2024-08-11,3498.0,82.0,172,1.0,595,4.0,891.0
2024,33,2024-W33,22.79,1.95,35.79,73.42,2024-W33,43.35,22.04,87.82,1079.44,2024-08-18,3196.0,,157,,567,,962.0
2024,34,2024-W34,22.23,2.15,4.74,72.12,2024-W34,53.97,21.95,82.43,769.33,2024-08-25,3055.0,,190,1.0,809,,1001.0
2024,35,2024-W35,23.4,2.09,15.47,70.35,2024-W35,46.53,22.88,83.88,1074.67,2024-09-01,2936.0,2.0,191,4.0,462,2.0,1059.0
2024,36,2024-W36,22.91,2.41,19.83,71.64,2024-W36,45.28,22.75,84.99,1107.78,2024-09-08,2005.0,,152,,356,13.0,916.0
2024,37,2024-W37,24.26,1.82,16.86,66.33,2024-W37,51.82,23.62,80.41,1091.56,2024-09-15,2099.0,,196,,606,2.0,1051.0
2024,38,2024-W38,23.09,1.94,88.6,76.89,2024-W38,39.81,22.92,80.44,1043.56,2024-09-22,1819.0,,186,1.0,325,2.0,1106.0
2024,39,2024-W39,22.69,2.22,18.96,76.36,2024-W39,39.92,23.33,82.46,965.5,2024-09-29,2085.0,,147,2.0,280,4.0,1143.0
2024,40,2024-W40,22.53,2.3,38.8,77.72,2024-W40,40.73,23.58,82.3,769.13,2024-10-06,1961.0,,181,,356,1.0,862.0
2024,42,2024-W42,22.05,2.08,62.34,82.33,2024-W42,44.22,22.94,87.7,85.0,2024-10-20,2595.0,,269,5.0,362,6.0,915.0
2024,43,2024-W43,22.75,1.84,32.9,80.31,2024-W43,38.73,23.45,86.5,1114.71,2024-10-27,1981.0,,191,,358,6.0,956.0
2024,44,2024-W44,22.46,2.05,11.93,81.11,2024-W44,37.57,22.83,85.74,1194.43,2024-11-03,2270.0,,191,,395,,947.0
2024,45,2024-W45,22.14,2.08,29.15,81.48,2024-W45,34.87,23.01,84.02,1158.57,2024-11-10,2048.0,3.0,209,,316,9.0,769.0
2024,46,2024-W46,21.93,1.84,33.23,83.4,2024-W46,42.82,23.08,85.78,993.0,2024-11-17,2228.0,,201,,347,3.0,866.0
2024,47,2024-W47,21.94,1.7,96.55,83.69,2024-W47,43.67,22.8519918699187,80.95684210526318,1208.25,2024-11-24,2201.0,5.0,148,,283,3.0,979.0
2024,48,2024-W48,20.88,2.56,14.25,84.65,2024-W48,39.07,22.8519918699187,64.17,2178.75,2024-12-01,1649.0,,169,2.0,394,1.0,901.0
2024,49,2024-W49,22.1,2.5,17.55,70.7,2024-W49,56.31,21.99,80.05,801.71,2024-12-08,2110.0,,178,2.0,371,,846.0
2024,50,2024-W50,23.45,2.31,7.42,71.08,2024-W50,45.31,23.5,84.45,530.43,2024-12-15,2029.0,,167,,354,,898.0
